province,region,year,month,month_number,post,buss,vax_leastone,vax_complete,deaths,antivax,robbery,v_deaths,transit_acc,positive_cases,job_change,taxes,taxpayers,tax_pc,sales,sales_pc_k,mobility_retail,interaction_did
AZUAY,SIERRA,2020,January,1,0,54,0,0,364,0,277,1,90,0,-401,64.61749788,100863,640.65,"30,563.02",303.02,,0
AZUAY,SIERRA,2020,February,2,0,43,0,0,328,0,228,7,100,0,-193,47.88608714,101082,473.74,"25,127.02",248.58,9,0
AZUAY,SIERRA,2020,March,3,0,19,0,0,360,0,94,2,69,0,-346,52.40245245,101335,517.12,"26,668.95",263.18,-40.25806452,0
AZUAY,SIERRA,2020,April,4,0,0,0,0,366,0,17,2,22,78,292,46.07981956,101129,455.65,"32,360.94",320,-78.8,0
AZUAY,SIERRA,2020,May,5,0,10,0,0,379,0,88,4,46,382,466,32.14321891,101476,316.76,"25,031.96",246.68,-62.25806452,0
AZUAY,SIERRA,2020,June,6,0,58,0,0,384,0,144,1,49,409,224,38.10864198,102270,372.63,"29,295.77",286.46,-39.1,0
AZUAY,SIERRA,2020,July,7,0,90,0,0,488,0,145,1,59,893,-35,38.57373692,103089,374.18,"25,882.94",251.07,-32.87096774,0
AZUAY,SIERRA,2020,August,8,0,71,0,0,644,0,133,4,59,1564,383,44.48268008,103407,430.17,"25,324.25",244.9,-30.67741935,0
AZUAY,SIERRA,2020,September,9,0,84,0,0,542,0,154,1,56,2128,71,53.75256457,104469,514.53,"27,854.24",266.63,-27.53333333,0
AZUAY,SIERRA,2020,October,10,0,85,0,0,486,0,192,3,71,3527,-172,48.64301093,105192,462.42,"25,641.20",243.76,-24.35483871,0
AZUAY,SIERRA,2020,November,11,0,77,0,0,430,0,174,4,82,1623,-353,51.90960508,105909,490.13,"28,742.45",271.39,-21,0
AZUAY,SIERRA,2020,December,12,0,73,0,0,422,0,186,3,85,1285,689,51.43269146,106467,483.09,"47,809.93",449.06,-16.93548387,0
BOLIVAR,SIERRA,2020,January,1,0,3,0,0,63,0,17,0,7,0,-236,1.10225347,20126,54.77,"2,362.35",117.38,,0
BOLIVAR,SIERRA,2020,February,2,0,0,0,0,85,0,29,0,11,0,-15,0.74085707,20110,36.84,"2,048.88",101.88,9.714285714,0
BOLIVAR,SIERRA,2020,March,3,0,1,0,0,68,0,13,0,1,0,-16,0.88871635,20150,44.11,"1,674.11",83.08,-38.09677419,0
BOLIVAR,SIERRA,2020,April,4,0,0,0,0,122,0,6,1,1,15,-6,1.07619052,20107,53.52,"1,430.97",71.17,-72.4,0
BOLIVAR,SIERRA,2020,May,5,0,0,0,0,104,0,7,1,1,118,20,0.54567544,20156,27.07,"1,618.33",80.29,-57.61290323,0
BOLIVAR,SIERRA,2020,June,6,0,2,0,0,103,0,10,1,1,179,29,0.69631078,20361,34.2,"3,894.98",191.3,-39.26666667,0
BOLIVAR,SIERRA,2020,July,7,0,3,0,0,119,0,10,1,0,336,-15,0.6971637,20562,33.91,"1,810.16",88.03,-34.03225806,0
BOLIVAR,SIERRA,2020,August,8,0,2,0,0,114,0,13,0,5,500,5,0.75218242,20637,36.45,"2,458.42",119.13,-26.8125,0
BOLIVAR,SIERRA,2020,September,9,0,3,0,0,80,0,11,1,4,293,50,1.19011723,20849,57.08,"2,272.11",108.98,-14,0
BOLIVAR,SIERRA,2020,October,10,0,2,0,0,73,0,16,2,3,329,-42,0.88990286,21002,42.37,"2,400.69",114.31,-8.032258065,0
BOLIVAR,SIERRA,2020,November,11,0,1,0,0,78,0,14,2,3,334,-7,0.77708694,21201,36.65,"2,341.47",110.44,-8.24137931,0
BOLIVAR,SIERRA,2020,December,12,0,3,0,0,103,0,8,3,2,278,67,0.90168807,21317,42.3,"5,354.42",251.18,-6.709677419,0
CA헤R,SIERRA,2020,January,1,0,4,0,0,109,0,54,1,4,0,-52,3.03956514,25925,117.24,"5,351.22",206.41,,0
CA헤R,SIERRA,2020,February,2,0,0,0,0,77,0,59,0,4,0,-50,2.98702647,26249,113.8,"4,263.01",162.41,-1,0
CA헤R,SIERRA,2020,March,3,0,5,0,0,104,0,36,2,2,0,-80,2.88075085,26409,109.08,"4,271.38",161.74,-39.19354839,0
CA헤R,SIERRA,2020,April,4,0,0,0,0,182,0,4,1,2,6,27,3.22564928,26355,122.39,"2,631.60",99.85,-74.66666667,0
CA헤R,SIERRA,2020,May,5,0,2,0,0,101,0,11,1,2,47,184,3.09957805,26420,117.32,"3,082.00",116.65,-56.93548387,0
CA헤R,SIERRA,2020,June,6,0,3,0,0,97,0,30,2,6,99,137,3.13703738,26693,117.52,"8,614.29",322.72,-32.26666667,0
CA헤R,SIERRA,2020,July,7,0,6,0,0,156,0,43,0,6,150,-263,2.60140532,26849,96.89,"4,922.63",183.35,-25.16129032,0
CA헤R,SIERRA,2020,August,8,0,4,0,0,180,0,35,4,5,593,33,2.40223609,26893,89.33,"5,537.13",205.89,-25.8125,0
CA헤R,SIERRA,2020,September,9,0,9,0,0,141,0,45,1,4,1040,6,4.38978785,27210,161.33,"5,916.14",217.43,-12.45,0
CA헤R,SIERRA,2020,October,10,0,12,0,0,150,0,41,3,11,713,-8,2.82827367,27359,103.38,"5,478.27",200.24,-8.516129032,0
CA헤R,SIERRA,2020,November,11,0,3,0,0,113,0,56,1,6,394,5,3.11349699,27605,112.79,"4,957.72",179.59,-9.566666667,0
CA헤R,SIERRA,2020,December,12,0,5,0,0,120,0,57,1,8,247,90,2.48012946,27685,89.58,"10,341.80",373.55,-6.290322581,0
CARCHI,SIERRA,2020,January,1,0,1,0,0,57,1,20,2,8,0,-51,1.78789168,18942,94.39,"2,197.74",116.02,,0
CARCHI,SIERRA,2020,February,2,0,6,0,0,57,1,9,1,8,0,-54,1.17829179,19036,61.9,"3,175.23",166.8,-2.866666667,0
CARCHI,SIERRA,2020,March,3,0,0,0,0,59,1,7,0,8,0,-1,1.37807723,19064,72.29,"2,775.31",145.58,-36.22580645,0
CARCHI,SIERRA,2020,April,4,0,0,0,0,57,1,6,0,1,39,-9,2.60152272,19035,136.67,"1,797.87",94.45,-68.26666667,0
CARCHI,SIERRA,2020,May,5,0,0,0,0,69,1,9,0,1,258,4,0.69045889,19077,36.19,"1,886.26",98.88,-55.5483871,0
CARCHI,SIERRA,2020,June,6,0,4,0,0,75,1,8,0,5,34,62,1.10438817,19264,57.33,"7,069.23",366.97,-33.5,0
CARCHI,SIERRA,2020,July,7,0,4,0,0,109,1,5,1,3,211,-11,1.39500988,19465,71.67,"3,033.44",155.84,-25.4516129,0
CARCHI,SIERRA,2020,August,8,0,3,0,0,139,1,11,1,3,197,53,1.31829995,19518,67.54,"2,666.76",136.63,-22.875,0
CARCHI,SIERRA,2020,September,9,0,3,0,0,116,1,9,0,10,582,-29,1.9818855,19767,100.26,"2,857.76",144.57,-10.8,0
CARCHI,SIERRA,2020,October,10,0,2,0,0,76,1,18,0,8,582,85,1.45639782,19922,73.11,"3,081.15",154.66,-4.129032258,0
CARCHI,SIERRA,2020,November,11,0,4,0,0,64,1,13,0,6,206,-125,1.55456121,20147,77.16,"2,699.59",133.99,-3.2,0
CARCHI,SIERRA,2020,December,12,0,1,0,0,101,1,11,2,10,328,33,1.37551283,20229,68,"9,767.84",482.86,3.741935484,0
CHIMBORAZO,SIERRA,2020,January,1,0,9,0,0,219,1,133,1,39,0,-197,6.15628016,53586,114.89,"10,509.58",196.13,,0
CHIMBORAZO,SIERRA,2020,February,2,0,9,0,0,189,1,107,2,40,0,-107,3.91140741,53684,72.86,"9,160.07",170.63,4.533333333,0
CHIMBORAZO,SIERRA,2020,March,3,0,10,0,0,233,1,60,2,10,0,-92,5.29584928,53788,98.46,"7,842.92",145.81,-40.67741935,0
CHIMBORAZO,SIERRA,2020,April,4,0,0,0,0,377,1,18,1,15,17,30,4.75047471,53677,88.5,"4,474.49",83.36,-77.2,0
CHIMBORAZO,SIERRA,2020,May,5,0,4,0,0,308,1,33,1,10,150,113,2.94977873,53839,54.79,"6,242.19",115.94,-65.09677419,0
CHIMBORAZO,SIERRA,2020,June,6,0,10,0,0,319,1,44,1,16,231,40,3.95935754,54500,72.65,"15,447.00",283.43,-41.76666667,0
CHIMBORAZO,SIERRA,2020,July,7,0,18,0,0,451,1,51,0,34,375,-52,4.84048905,55024,87.97,"8,824.24",160.37,-36.77419355,0
CHIMBORAZO,SIERRA,2020,August,8,0,19,0,0,367,1,47,2,29,652,201,4.49078666,55110,81.49,"5,638.93",102.32,-37.33333333,0
CHIMBORAZO,SIERRA,2020,September,9,0,18,0,0,268,1,76,1,38,596,-94,6.57223315,55758,117.87,"6,246.26",112.02,-32.66666667,0
CHIMBORAZO,SIERRA,2020,October,10,0,19,0,0,238,1,93,1,39,250,-47,4.93120517,56151,87.82,"10,069.81",179.33,-27.16129032,0
CHIMBORAZO,SIERRA,2020,November,11,0,12,0,0,234,1,119,0,53,239,-10,5.69785147,56559,100.74,"8,434.54",149.13,-25.56666667,0
CHIMBORAZO,SIERRA,2020,December,12,0,17,0,0,232,1,97,1,46,335,130,5.80191523,56851,102.05,"20,244.60",356.1,-18.80645161,0
COTOPAXI,SIERRA,2020,January,1,0,6,0,0,138,1,98,2,4,0,-165,9.35799246,45849,204.1,"14,712.83",320.9,,0
COTOPAXI,SIERRA,2020,February,2,0,12,0,0,158,1,103,4,10,0,-57,7.16797773,46002,155.82,"12,259.58",266.5,3.666666667,0
COTOPAXI,SIERRA,2020,March,3,0,6,0,0,167,1,46,0,7,0,-106,9.31556672,46075,202.18,"10,170.81",220.74,-37.35483871,0
COTOPAXI,SIERRA,2020,April,4,0,0,0,0,189,1,8,0,4,8,148,13.11488542,45953,285.4,"8,298.58",180.59,-72.93333333,0
COTOPAXI,SIERRA,2020,May,5,0,0,0,0,202,1,9,1,5,92,44,4.46562195,46109,96.85,"9,862.01",213.88,-60,0
COTOPAXI,SIERRA,2020,June,6,0,10,0,0,300,1,24,5,12,295,137,6.42875765,46510,138.22,"15,400.17",331.12,-40.23333333,0
COTOPAXI,SIERRA,2020,July,7,0,14,0,0,309,1,35,1,7,697,-15,8.98883667,47063,191,"10,923.38",232.1,-30.93548387,0
COTOPAXI,SIERRA,2020,August,8,0,21,0,0,256,1,41,3,11,918,147,7.12171586,47241,150.75,"11,647.54",246.56,-25.25,0
COTOPAXI,SIERRA,2020,September,9,0,16,0,0,219,1,59,2,4,992,-35,12.54540081,47862,262.12,"11,250.25",235.06,-13.15,0
COTOPAXI,SIERRA,2020,October,10,0,11,0,0,195,1,66,0,5,766,-61,10.24789949,48162,212.78,"8,813.49",183,-8.64516129,0
COTOPAXI,SIERRA,2020,November,11,0,6,0,0,211,1,64,1,12,788,41,7.74290707,48464,159.77,"12,871.33",265.59,-6.5,0
COTOPAXI,SIERRA,2020,December,12,0,10,0,0,224,1,40,9,16,537,249,8.79201144,48671,180.64,"26,024.91",534.71,-1.258064516,0
EL ORO,COSTA,2020,January,1,0,25,0,0,307,0,305,7,44,0,-409,17.60780441,76203,231.06,"31,038.04",407.31,,0
EL ORO,COSTA,2020,February,2,0,28,0,0,228,0,236,9,51,0,-86,13.09163904,76475,171.19,"22,938.37",299.95,10.73333333,0
EL ORO,COSTA,2020,March,3,0,19,0,0,332,0,159,9,29,0,-336,18.06231564,76663,235.61,"23,586.60",307.67,-33.61290323,0
EL ORO,COSTA,2020,April,4,0,0,0,0,730,0,98,3,14,34,83,13.51822627,76440,176.85,"24,009.87",314.1,-76.46666667,0
EL ORO,COSTA,2020,May,5,0,14,0,0,732,0,128,9,29,440,351,13.60192146,76802,177.1,"25,722.29",334.92,-60.87096774,0
EL ORO,COSTA,2020,June,6,0,38,0,0,475,0,170,8,28,620,60,14.05342352,77641,181.01,"31,587.44",406.84,-37.96666667,0
EL ORO,COSTA,2020,July,7,0,49,0,0,438,0,224,6,43,928,52,14.4151583,78406,183.85,"24,624.35",314.06,-29.90322581,0
EL ORO,COSTA,2020,August,8,0,49,0,0,401,0,208,6,64,1159,48,14.25776012,78737,181.08,"25,530.90",324.26,-25.54545455,0
EL ORO,COSTA,2020,September,9,0,46,0,0,430,0,188,5,49,1204,136,20.4914206,79819,256.72,"27,023.80",338.56,-18.47826087,0
EL ORO,COSTA,2020,October,10,0,56,0,0,337,0,228,11,62,1138,-156,14.68892949,80477,182.52,"30,219.72",375.51,-13.83870968,0
EL ORO,COSTA,2020,November,11,0,39,0,0,321,0,230,13,81,929,-238,17.08533984,81046,210.81,"30,195.19",372.57,-12.06666667,0
EL ORO,COSTA,2020,December,12,0,34,0,0,320,0,188,9,65,915,836,14.03868437,81402,172.46,"48,939.03",601.2,-6.741935484,0
ESMERALDAS,COSTA,2020,January,1,0,5,0,0,135,0,185,1,26,0,-195,5.36212008,48940,109.57,"9,257.36",189.16,,0
ESMERALDAS,COSTA,2020,February,2,0,8,0,0,161,0,166,7,22,0,27,4.33361662,49231,88.03,"14,272.30",289.9,18.86666667,0
ESMERALDAS,COSTA,2020,March,3,0,4,0,0,131,0,94,2,6,0,-140,5.63682724,49374,114.17,"11,096.53",224.74,-35.35483871,0
ESMERALDAS,COSTA,2020,April,4,0,0,0,0,233,0,46,1,3,10,38,4.18672227,49252,85.01,"10,200.46",207.11,-73.86666667,0
ESMERALDAS,COSTA,2020,May,5,0,1,0,0,340,0,86,4,3,177,52,3.35104535,49379,67.86,"5,223.20",105.78,-61.22580645,0
ESMERALDAS,COSTA,2020,June,6,0,5,0,0,307,0,128,7,10,665,-13,3.35442522,49714,67.47,"15,863.98",319.1,-45.26666667,0
ESMERALDAS,COSTA,2020,July,7,0,20,0,0,243,0,130,3,8,1232,34,3.66484114,50229,72.96,"12,292.27",244.72,-35.64516129,0
ESMERALDAS,COSTA,2020,August,8,0,5,0,0,180,0,150,8,14,1139,59,4.54704404,50297,90.4,"9,008.84",179.11,-29.4375,0
ESMERALDAS,COSTA,2020,September,9,0,6,0,0,157,0,151,13,15,320,18,4.19796732,51093,82.16,"10,488.57",205.28,-17.4,0
ESMERALDAS,COSTA,2020,October,10,0,12,0,0,142,0,142,7,20,193,-42,4.16983717,51535,80.91,"13,543.60",262.8,-9.419354839,0
ESMERALDAS,COSTA,2020,November,11,0,15,0,0,135,0,133,10,22,490,29,3.76099086,52103,72.18,"6,137.08",117.79,-10.6,0
ESMERALDAS,COSTA,2020,December,12,0,15,0,0,151,0,117,17,23,619,171,3.80305909,52513,72.42,"21,496.25",409.35,-4,0
GALAPAGOS,GAL쳃AGOS,2020,January,1,0,6,0,0,5,0,0,0,0,0,-31,3.458456,6813,507.63,"4,356.12",639.38,,0
GALAPAGOS,GAL쳃AGOS,2020,February,2,0,14,0,0,4,0,1,0,0,0,-25,2.39894542,6824,351.55,"2,422.80",355.04,,0
GALAPAGOS,GAL쳃AGOS,2020,March,3,0,1,0,0,3,0,2,0,0,0,-58,2.57383573,6832,376.73,"1,710.66",250.39,,0
GALAPAGOS,GAL쳃AGOS,2020,April,4,0,0,0,0,3,0,1,0,0,5,-1,2.92450061,6847,427.12,607.13,88.67,,0
GALAPAGOS,GAL쳃AGOS,2020,May,5,0,3,0,0,1,0,0,1,0,63,22,1.0378677,6898,150.46,774.69,112.31,,0
GALAPAGOS,GAL쳃AGOS,2020,June,6,0,2,0,0,7,0,3,0,0,8,15,1.31834981,6898,191.12,"1,594.13",231.1,,0
GALAPAGOS,GAL쳃AGOS,2020,July,7,0,8,0,0,2,0,0,0,0,12,0,1.33882598,6972,192.03,855.93,122.77,,0
GALAPAGOS,GAL쳃AGOS,2020,August,8,0,5,0,0,6,0,4,0,0,15,-14,1.21208141,6968,173.95,759.37,108.98,,0
GALAPAGOS,GAL쳃AGOS,2020,September,9,0,10,0,0,5,0,4,0,0,6,1,1.25856207,7005,179.67,782.32,111.68,,0
GALAPAGOS,GAL쳃AGOS,2020,October,10,0,3,0,0,4,0,5,0,0,89,19,1.40374727,7033,199.59,828.16,117.75,,0
GALAPAGOS,GAL쳃AGOS,2020,November,11,0,5,0,0,6,0,0,0,0,29,0,0.97706413,7044,138.71,"1,072.23",152.22,,0
GALAPAGOS,GAL쳃AGOS,2020,December,12,0,7,0,0,5,0,3,0,0,401,19,0.81901924,7085,115.6,"3,792.57",535.3,,0
GUAYAS,COSTA,2020,January,1,0,301,0,0,1978,0,2109,50,723,0,-1339,460.8813976,395687,"1,164.76","132,074.70",333.79,,0
GUAYAS,COSTA,2020,February,2,0,267,0,0,1733,0,1792,41,675,0,-1101,297.5232912,398327,746.93,"128,080.43",321.55,-5.866666667,0
GUAYAS,COSTA,2020,March,3,0,174,0,0,5481,0,978,29,414,0,-1248,361.1060415,399466,903.97,"121,589.55",304.38,-43.61290323,0
GUAYAS,COSTA,2020,April,4,0,0,0,0,12670,0,375,41,210,1615,550,518.8701079,398987,"1,300.47","106,852.66",267.81,-81.8,0
GUAYAS,COSTA,2020,May,5,0,132,0,0,2675,0,692,40,344,8821,1432,235.329833,403519,583.19,"128,279.04",317.9,-63.41935484,0
GUAYAS,COSTA,2020,June,6,0,315,0,0,1864,0,1224,46,481,3625,928,265.6526688,404558,656.65,"158,217.60",391.09,-38.9,0
GUAYAS,COSTA,2020,July,7,0,450,0,0,2062,0,1598,45,498,951,8,299.3643554,408030,733.68,"141,012.20",345.59,-29.87096774,0
GUAYAS,COSTA,2020,August,8,0,427,0,0,2078,0,1520,45,568,2505,498,317.6698979,410204,774.42,"128,026.79",312.11,-26.12903226,0
GUAYAS,COSTA,2020,September,9,0,510,0,0,1880,0,1554,40,566,1319,758,391.1362982,415178,942.09,"131,818.83",317.5,-21.56666667,0
GUAYAS,COSTA,2020,October,10,0,474,0,0,2109,0,1613,56,662,1551,-500,330.2562568,418325,789.47,"144,023.59",344.29,-20.16129032,0
GUAYAS,COSTA,2020,November,11,0,437,0,0,2122,0,1539,50,566,1739,818,325.8903649,422320,771.67,"131,183.97",310.63,-20.33333333,0
GUAYAS,COSTA,2020,December,12,0,407,0,0,2118,0,1628,45,670,2210,1654,338.5470558,424400,797.71,"150,486.73",354.59,-13.51612903,0
IMBABURA,SIERRA,2020,January,1,0,13,0,0,188,0,91,2,33,0,-119,9.89789552,54212,182.58,"12,731.04",234.84,,0
IMBABURA,SIERRA,2020,February,2,0,13,0,0,156,0,112,4,36,0,-105,6.29875137,54482,115.61,"11,570.40",212.37,3.466666667,0
IMBABURA,SIERRA,2020,March,3,0,3,0,0,147,0,64,0,22,0,-133,8.11125004,54614,148.52,"8,265.66",151.35,-39.16129032,0
IMBABURA,SIERRA,2020,April,4,0,0,0,0,181,0,21,3,13,10,86,15.41122211,54503,282.76,"5,996.90",110.03,-76.53333333,0
IMBABURA,SIERRA,2020,May,5,0,2,0,0,183,0,26,1,14,79,18,4.83020334,54659,88.37,"6,226.16",113.91,-63.80645161,0
IMBABURA,SIERRA,2020,June,6,0,8,0,0,245,0,50,1,20,114,141,3.94203674,55221,71.39,"12,205.57",221.03,-39.93333333,0
IMBABURA,SIERRA,2020,July,7,0,15,0,0,330,0,52,1,17,375,63,7.03336984,55891,125.84,"9,087.10",162.59,-33,0
IMBABURA,SIERRA,2020,August,8,0,15,0,0,392,0,49,1,25,898,48,6.67171961,56200,118.71,"9,209.05",163.86,-31.54545455,0
IMBABURA,SIERRA,2020,September,9,0,16,0,0,269,0,51,4,18,1405,-29,11.6395936,56928,204.46,"7,338.03",128.9,-25.43478261,0
IMBABURA,SIERRA,2020,October,10,0,14,0,0,206,0,53,2,37,1131,4,7.15054796,57432,124.5,"11,708.14",203.86,-20.06451613,0
IMBABURA,SIERRA,2020,November,11,0,18,0,0,188,0,77,0,32,733,-61,8.33194822,58015,143.62,"11,070.26",190.82,-16.56666667,0
IMBABURA,SIERRA,2020,December,12,0,25,0,0,228,0,97,3,42,662,298,8.2586419,58371,141.49,"23,421.06",401.24,-10.03225806,0
LOJA,SIERRA,2020,January,1,0,13,0,0,218,0,59,0,65,0,-259,7.28664285,55113,132.21,"11,694.37",212.19,,0
LOJA,SIERRA,2020,February,2,0,12,0,0,176,0,68,1,61,0,-85,4.42460455,55053,80.37,"11,671.14",212,-2.133333333,0
LOJA,SIERRA,2020,March,3,0,6,0,0,191,0,24,0,31,0,-105,5.83145719,55212,105.62,"10,250.08",185.65,-38.29032258,0
LOJA,SIERRA,2020,April,4,0,0,0,0,198,0,10,1,16,22,73,7.00142496,55004,127.29,"6,435.50",117,-78.33333333,0
LOJA,SIERRA,2020,May,5,0,2,0,0,230,0,19,3,19,210,91,3.39314561,55172,61.5,"6,697.75",121.4,-64.70967742,0
LOJA,SIERRA,2020,June,6,0,20,0,0,249,0,43,1,28,125,52,4.60731513,55863,82.48,"15,882.06",284.3,-43.36666667,0
LOJA,SIERRA,2020,July,7,0,24,0,0,351,0,41,2,6,507,0,4.93036026,56362,87.48,"9,502.07",168.59,-37.93548387,0
LOJA,SIERRA,2020,August,8,0,23,0,0,389,0,40,1,28,1689,73,5.06497701,56244,90.05,"10,383.07",184.61,-37.5,0
LOJA,SIERRA,2020,September,9,0,26,0,0,294,0,51,1,45,1892,108,6.88309238,56877,121.02,"12,026.49",211.45,-28,0
LOJA,SIERRA,2020,October,10,0,26,0,0,214,0,63,0,54,951,-142,5.2724607,57256,92.09,"10,763.29",187.99,-20.51612903,0
LOJA,SIERRA,2020,November,11,0,25,0,0,206,0,50,0,48,824,-54,5.282183,57472,91.91,"9,151.13",159.23,-18.63333333,0
LOJA,SIERRA,2020,December,12,0,20,0,0,229,0,49,0,68,791,137,5.16118303,57563,89.66,"18,961.49",329.4,-11.22580645,0
LOS RIOS,COSTA,2020,January,1,0,7,0,0,301,0,301,8,65,0,-175,8.67220251,66062,131.27,"25,677.60",388.69,,0
LOS RIOS,COSTA,2020,February,2,0,17,0,0,288,0,328,8,63,0,-106,6.036129314,66302,91.04,"19,269.32",290.63,-6,0
LOS RIOS,COSTA,2020,March,3,0,8,0,0,367,0,212,8,32,0,-171,6.72660656,66487,101.17,"19,464.82",292.76,-38.29032258,0
LOS RIOS,COSTA,2020,April,4,0,3,0,0,959,0,146,8,28,80,7,5.12504826,66286,77.32,"14,630.08",220.71,-72.46666667,0
LOS RIOS,COSTA,2020,May,5,0,6,0,0,633,0,201,10,46,613,455,5.09542945,66489,76.64,"22,256.48",334.74,-55.41935484,0
LOS RIOS,COSTA,2020,June,6,0,17,0,0,460,0,262,12,47,816,-52,5.75820439,67144,85.76,"43,638.07",649.92,-33.43333333,0
LOS RIOS,COSTA,2020,July,7,0,25,0,0,443,0,299,5,40,760,-21,7.30658071,67800,107.77,"24,907.55",367.37,-25.77419355,0
LOS RIOS,COSTA,2020,August,8,0,22,0,0,402,0,273,8,73,589,-66,7.55653243,68141,110.9,"22,950.19",336.8,-24,0
LOS RIOS,COSTA,2020,September,9,0,23,0,0,323,0,318,6,73,415,-57,8.88533018,69084,128.62,"24,074.76",348.49,-15.15,0
LOS RIOS,COSTA,2020,October,10,0,28,0,0,356,0,284,9,120,415,-95,7.46083937,69536,107.29,"27,491.71",395.36,-9.64516129,0
LOS RIOS,COSTA,2020,November,11,0,14,0,0,346,0,289,15,107,312,-55,7.43242156,70183,105.9,"27,284.08",388.76,-7.9,0
LOS RIOS,COSTA,2020,December,12,0,13,0,0,333,0,322,13,106,457,272,6.20839191,70632,87.9,"50,386.13",713.36,-1.741935484,0
MANABI,COSTA,2020,January,1,0,35,0,0,626,0,330,8,125,0,-503,25.60724562,141675,180.75,"48,469.51",342.12,,0
MANABI,COSTA,2020,February,2,0,25,0,0,543,0,268,5,117,0,-171,17.28177461,141974,121.72,"51,901.67",365.57,4.266666667,0
MANABI,COSTA,2020,March,3,0,14,0,0,634,0,153,5,59,0,-305,21.39363423,142370,150.27,"42,711.98",300.01,-43.03225806,0
MANABI,COSTA,2020,April,4,0,0,0,0,1880,0,65,4,20,54,288,16.06848256,141843,113.28,"34,909.11",246.11,-80.6,0
MANABI,COSTA,2020,May,5,0,9,0,0,1373,0,118,2,49,558,82,14.77243419,142241,103.85,"42,175.38",296.51,-69.16129032,0
MANABI,COSTA,2020,June,6,0,34,0,0,842,0,147,8,52,1623,211,16.80637013,143461,117.15,"69,233.90",482.6,-49.93333333,0
MANABI,COSTA,2020,July,7,0,64,0,0,879,0,173,6,69,2210,28,20.08175371,144911,138.58,"55,933.63",385.99,-39.16129032,0
MANABI,COSTA,2020,August,8,0,58,0,0,850,0,177,13,72,2043,29,18.8703354,145704,129.51,"49,858.98",342.19,-35.12903226,0
MANABI,COSTA,2020,September,9,0,60,0,0,713,0,206,8,103,1994,-48,22.25556367,147739,150.64,"51,342.91",347.52,-28.86666667,0
MANABI,COSTA,2020,October,10,0,67,0,0,759,0,251,19,142,1269,14,19.77522499,149202,132.54,"55,323.60",370.8,-24.38709677,0
MANABI,COSTA,2020,November,11,0,56,0,0,777,0,228,15,146,1445,-127,19.69241949,150745,130.63,"44,701.90",296.54,-25.66666667,0
MANABI,COSTA,2020,December,12,0,39,0,0,732,0,220,26,153,1709,858,19.57557572,151579,129.14,"81,551.02",538.01,-19.29032258,0
MORONA SANTIAGO,ORIENTE,2020,January,1,0,12,0,0,49,1,30,1,11,0,4,1.67954132,17089,98.28,"1,955.59",114.44,,0
MORONA SANTIAGO,ORIENTE,2020,February,2,0,14,0,0,48,1,15,4,11,0,-7,0.79794106,17140,46.55,"1,676.35",97.8,,0
MORONA SANTIAGO,ORIENTE,2020,March,3,0,4,0,0,48,1,6,1,6,0,-23,1.21900603,17165,71.02,"1,698.48",98.95,-70,0
MORONA SANTIAGO,ORIENTE,2020,April,4,0,0,0,0,32,1,6,2,5,10,-5,2.239938,17101,130.98,"1,141.59",66.76,-68.92857143,0
MORONA SANTIAGO,ORIENTE,2020,May,5,0,1,0,0,52,1,9,1,3,51,15,1.14092722,17132,66.6,"1,497.72",87.42,-58.96551724,0
MORONA SANTIAGO,ORIENTE,2020,June,6,0,3,0,0,73,1,15,1,12,44,-3,0.82324772,17270,47.67,"3,244.22",187.85,-45.31818182,0
MORONA SANTIAGO,ORIENTE,2020,July,7,0,13,0,0,77,1,10,0,5,675,-7,1.06707948,17467,61.09,"1,815.48",103.94,-39.43478261,0
MORONA SANTIAGO,ORIENTE,2020,August,8,0,9,0,0,72,1,7,1,14,1231,48,1.84019469,17502,105.14,"2,241.09",128.05,-29.42857143,0
MORONA SANTIAGO,ORIENTE,2020,September,9,0,6,0,0,56,1,25,0,13,456,-30,1.33241244,17772,74.97,"2,355.57",132.54,,0
MORONA SANTIAGO,ORIENTE,2020,October,10,0,8,0,0,53,1,17,0,15,247,19,1.02847888,17821,57.71,"2,299.82",129.05,,0
MORONA SANTIAGO,ORIENTE,2020,November,11,0,6,0,0,46,1,25,0,12,282,-28,1.63684635,17996,90.96,"2,141.28",118.99,,0
MORONA SANTIAGO,ORIENTE,2020,December,12,0,6,0,0,56,1,19,0,14,286,114,1.28245804,18062,71,"5,263.25",291.4,,0
NAPO,ORIENTE,2020,January,1,0,2,0,0,35,0,24,0,1,0,-22,1.27441663,12832,99.32,"1,368.99",106.69,,0
NAPO,ORIENTE,2020,February,2,0,4,0,0,31,0,19,0,0,0,-22,0.72712744,12903,56.35,"1,521.91",117.95,-0.076923077,0
NAPO,ORIENTE,2020,March,3,0,1,0,0,15,0,16,0,3,0,1,0.83365237,12926,64.49,"1,143.57",88.47,-37,0
NAPO,ORIENTE,2020,April,4,0,0,0,0,39,0,1,0,3,1,4,0.61640226,12881,47.85,373.9,29.03,-74.36666667,0
NAPO,ORIENTE,2020,May,5,0,0,0,0,70,0,8,0,0,22,5,0.49704991,12918,38.48,863.92,66.88,-64.64516129,0
NAPO,ORIENTE,2020,June,6,0,5,0,0,88,0,16,0,2,178,33,0.57044899,13079,43.62,"2,141.10",163.71,-50.13333333,0
NAPO,ORIENTE,2020,July,7,0,2,0,0,62,0,14,1,4,385,-10,0.62849899,13138,47.84,"1,087.51",82.78,-40.96774194,0
NAPO,ORIENTE,2020,August,8,0,1,0,0,63,0,10,1,4,354,6,0.85205258,13242,64.34,847.93,64.03,-35.1875,0
NAPO,ORIENTE,2020,September,9,0,2,0,0,36,0,16,0,1,213,-32,0.78694665,13368,58.87,"1,358.24",101.6,-19.65,0
NAPO,ORIENTE,2020,October,10,0,3,0,0,39,0,27,0,7,203,12,0.66591979,13414,49.64,"1,311.80",97.79,-7.483870968,0
NAPO,ORIENTE,2020,November,11,0,3,0,0,36,0,22,0,1,82,15,0.87093585,13529,64.38,"1,237.33",91.46,-4.24137931,0
NAPO,ORIENTE,2020,December,12,0,1,0,0,46,0,22,1,2,99,64,0.78577176,13619,57.7,"3,512.02",257.88,-0.516129032,0
ORELLANA,ORIENTE,2020,January,1,0,5,0,0,42,1,53,1,3,0,-19,2.95810337,18177,162.74,"5,086.63",279.84,,0
ORELLANA,ORIENTE,2020,February,2,0,4,0,0,30,1,51,0,3,0,-10,2.08141009,18257,114.01,"5,047.68",276.48,2,0
ORELLANA,ORIENTE,2020,March,3,0,4,0,0,34,1,32,0,4,0,-40,2.83288126,18314,154.68,"3,559.60",194.37,-32.77419355,0
ORELLANA,ORIENTE,2020,April,4,0,0,0,0,33,1,10,1,1,1,11,2.52425052,18268,138.18,"2,839.48",155.43,-70.03333333,0
ORELLANA,ORIENTE,2020,May,5,0,1,0,0,44,1,23,0,1,32,4,2.11298796,18297,115.48,"3,733.92",204.07,-54.83870968,0
ORELLANA,ORIENTE,2020,June,6,0,6,0,0,86,1,34,0,5,204,18,2.10590677,18361,114.69,"6,359.48",346.36,-41.1,0
ORELLANA,ORIENTE,2020,July,7,0,3,0,0,85,1,42,0,6,504,20,2.39681485,18658,128.46,"4,252.85",227.94,-36,0
ORELLANA,ORIENTE,2020,August,8,0,5,0,0,57,1,41,1,4,582,201,2.74470206,18734,146.51,"3,426.61",182.91,-31.8125,0
ORELLANA,ORIENTE,2020,September,9,0,9,0,0,40,1,36,0,7,295,-159,2.47970251,19009,130.45,"4,118.43",216.66,-11.95,0
ORELLANA,ORIENTE,2020,October,10,0,18,0,0,43,1,29,0,9,113,98,1.90017401,19177,99.09,"4,048.65",211.12,-4.032258065,0
ORELLANA,ORIENTE,2020,November,11,0,7,0,0,51,1,46,1,7,221,177,2.60391311,19312,134.83,"5,241.81",271.43,-6.433333333,0
ORELLANA,ORIENTE,2020,December,12,0,15,0,0,36,1,38,1,9,112,-30,2.32217768,19428,119.53,"10,162.48",523.08,-2.548387097,0
PASTAZA,ORIENTE,2020,January,1,0,3,0,0,34,1,33,0,3,0,-35,1.20041232,13159,91.22,"2,040.81",155.09,,0
PASTAZA,ORIENTE,2020,February,2,0,2,0,0,34,1,21,0,11,0,-5,0.81404412,13147,61.92,"1,831.03",139.27,-0.928571429,0
PASTAZA,ORIENTE,2020,March,3,0,3,0,0,25,1,17,0,5,0,-18,0.79871516,13156,60.71,"1,452.55",110.41,-45.4516129,0
PASTAZA,ORIENTE,2020,April,4,0,0,0,0,27,1,4,0,5,5,20,1.72067457,13126,131.09,746.76,56.89,-82.25,0
PASTAZA,ORIENTE,2020,May,5,0,0,0,0,25,1,5,0,7,41,-3,0.44410455,13165,33.73,"1,047.17",79.54,-70,0
PASTAZA,ORIENTE,2020,June,6,0,1,0,0,48,1,13,1,2,182,13,0.65849633,13330,49.4,"2,689.46",201.76,-51,0
PASTAZA,ORIENTE,2020,July,7,0,1,0,0,68,1,17,0,5,458,-10,0.79459426,13483,58.93,"1,506.17",111.71,-42.5483871,0
PASTAZA,ORIENTE,2020,August,8,0,2,0,0,45,1,19,0,1,690,24,0.84653103,13526,62.59,"1,629.81",120.49,-33.5,0
PASTAZA,ORIENTE,2020,September,9,0,1,0,0,31,1,20,0,1,532,-8,1.39238405,13671,101.85,"1,798.68",131.57,-20.25,0
PASTAZA,ORIENTE,2020,October,10,0,4,0,0,30,1,19,0,5,237,-9,0.89041115,13752,64.75,"1,872.60",136.17,-19.25806452,0
PASTAZA,ORIENTE,2020,November,11,0,2,0,0,25,1,24,0,2,110,-11,0.93217553,13842,67.34,"1,639.64",118.45,-21.06666667,0
PASTAZA,ORIENTE,2020,December,12,0,2,0,0,32,1,22,1,5,83,46,1.10452538,13980,79.01,"5,202.48",372.14,-19.35483871,0
PICHINCHA,SIERRA,2020,January,1,0,270,0,0,1212,0,1759,19,383,0,-2513,748.026671,480694,"1,556.14","88,326.74",183.75,,0
PICHINCHA,SIERRA,2020,February,2,0,232,0,0,1148,0,1530,13,419,0,-803,458.6575384,482155,951.27,"95,437.25",197.94,-7.133333333,0
PICHINCHA,SIERRA,2020,March,3,0,157,0,0,1131,0,746,13,238,0,-2341,613.6351765,483349,"1,269.55","74,488.93",154.11,-45.90322581,0
PICHINCHA,SIERRA,2020,April,4,0,2,0,0,1310,0,199,8,115,219,1003,654.9480836,482453,"1,357.54","91,738.07",190.15,-83.66666667,0
PICHINCHA,SIERRA,2020,May,5,0,112,0,0,1592,0,429,10,178,1201,1598,383.2478751,483637,792.43,"79,397.58",164.17,-74.38709677,0
PICHINCHA,SIERRA,2020,June,6,0,214,0,0,1867,0,830,13,228,2520,1153,368.2424321,485730,758.12,"97,672.81",201.08,-50.13333333,0
PICHINCHA,SIERRA,2020,July,7,0,489,0,0,2875,0,1020,12,183,3280,104,432.7031891,492382,878.8,"88,099.38",178.92,-45.35483871,0
PICHINCHA,SIERRA,2020,August,8,0,365,0,0,2463,0,975,15,246,7593,2107,432.3908073,494724,874,"83,502.83",168.79,-40.83870968,0
PICHINCHA,SIERRA,2020,September,9,0,424,0,0,1772,0,1139,13,247,9085,-775,666.5484625,501192,"1,329.93","71,840.43",143.34,-35.63333333,0
PICHINCHA,SIERRA,2020,October,10,0,487,0,0,1414,0,1351,11,345,16032,-121,461.1542131,504073,914.86,"79,908.30",158.53,-33.19354839,0
PICHINCHA,SIERRA,2020,November,11,0,444,0,0,1347,0,1272,17,315,19065,-1050,485.360309,508091,955.26,"83,067.53",163.49,-30.8,0
PICHINCHA,SIERRA,2020,December,12,0,366,0,0,1533,0,1237,15,370,10634,3664,563.8489226,510605,"1,104.28","115,862.28",226.91,-23.64516129,0
SANTA ELENA,COSTA,2020,January,1,0,9,0,0,117,0,111,3,50,0,-199,2.96288181,24928,118.86,"7,586.15",304.32,,0
SANTA ELENA,COSTA,2020,February,2,0,3,0,0,117,0,121,2,46,0,-36,2.79645897,25048,111.64,"6,971.78",278.34,28.4,0
SANTA ELENA,COSTA,2020,March,3,0,4,0,0,179,0,62,2,20,0,-121,2.1038359,25110,83.78,"6,064.08",241.5,-36.29032258,0
SANTA ELENA,COSTA,2020,April,4,0,1,0,0,1189,0,23,2,6,17,45,2.11319751,25076,84.27,"3,023.38",120.57,-79.83333333,0
SANTA ELENA,COSTA,2020,May,5,0,0,0,0,401,0,50,1,21,345,73,1.42721518,25332,56.34,"5,146.06",203.14,-66.48387097,0
SANTA ELENA,COSTA,2020,June,6,0,7,0,0,148,0,57,0,43,409,63,1.82708257,25605,71.36,"7,876.21",307.6,-40.8,0
SANTA ELENA,COSTA,2020,July,7,0,8,0,0,120,0,72,0,31,153,-21,2.07034938,25742,80.43,"6,950.25",270,-30.09677419,0
SANTA ELENA,COSTA,2020,August,8,0,10,0,0,164,0,79,0,16,224,50,2.56115545,25863,99.03,"6,265.73",242.27,-27.625,0
SANTA ELENA,COSTA,2020,September,9,0,23,0,0,107,0,66,1,27,149,29,2.10080131,26209,80.16,"6,830.34",260.61,-20.2,0
SANTA ELENA,COSTA,2020,October,10,0,12,0,0,141,0,72,1,37,187,-85,2.12196528,26461,80.19,"7,099.74",268.31,-13.29032258,0
SANTA ELENA,COSTA,2020,November,11,0,10,0,0,189,0,74,1,45,236,-51,2.32487066,26727,86.99,"7,048.44",263.72,-15.4,0
SANTA ELENA,COSTA,2020,December,12,0,8,0,0,166,0,71,2,35,420,138,2.11878904,26896,78.78,"14,818.23",550.95,-7.516129032,0
SANTO DOMINGO DE LOS TSACHILAS,SIERRA,2020,January,1,0,15,0,0,206,1,181,2,107,0,-94,7.32169221,58589,124.97,"7,184.42",122.62,,0
SANTO DOMINGO DE LOS TSACHILAS,SIERRA,2020,February,2,0,19,0,0,203,1,176,5,110,0,-151,5.50411217,58850,93.53,"9,228.54",156.81,6.066666667,0
SANTO DOMINGO DE LOS TSACHILAS,SIERRA,2020,March,3,0,5,0,0,191,1,93,1,72,0,-147,5.63720232,59040,95.48,"14,533.00",246.16,-35.32258065,0
SANTO DOMINGO DE LOS TSACHILAS,SIERRA,2020,April,4,0,0,0,0,254,1,47,1,29,18,156,3.93057839,58783,66.87,"10,042.97",170.85,-74.5,0
SANTO DOMINGO DE LOS TSACHILAS,SIERRA,2020,May,5,0,6,0,0,298,1,81,2,49,184,133,4.2230576,59005,71.57,"14,186.90",240.44,-52.87096774,0
SANTO DOMINGO DE LOS TSACHILAS,SIERRA,2020,June,6,0,17,0,0,400,1,125,3,66,841,75,5.4309038,59731,90.92,"16,273.60",272.45,-28.23333333,0
SANTO DOMINGO DE LOS TSACHILAS,SIERRA,2020,July,7,0,25,0,0,438,1,131,4,66,954,-18,6.03662073,60368,100,"6,983.86",115.69,-24.03225806,0
SANTO DOMINGO DE LOS TSACHILAS,SIERRA,2020,August,8,0,16,0,0,323,1,132,3,80,1677,-17,6.27180626,60648,103.41,"6,432.65",106.07,-23.375,0
SANTO DOMINGO DE LOS TSACHILAS,SIERRA,2020,September,9,0,28,0,0,240,1,154,3,95,831,10,6.9742189,61521,113.36,"8,520.79",138.5,-16.1,0
SANTO DOMINGO DE LOS TSACHILAS,SIERRA,2020,October,10,0,16,0,0,218,1,173,4,103,397,12,6.53495221,62142,105.16,"7,864.68",126.56,-10.38709677,0
SANTO DOMINGO DE LOS TSACHILAS,SIERRA,2020,November,11,0,11,0,0,187,1,176,5,120,372,-29,6.09973915,62667,97.34,"8,360.60",133.41,-8.733333333,0
SANTO DOMINGO DE LOS TSACHILAS,SIERRA,2020,December,12,0,15,0,0,237,1,153,3,97,354,266,6.27323697,63047,99.5,"22,176.62",351.75,-3.774193548,0
SUCUMBIOS,ORIENTE,2020,January,1,0,14,0,0,61,1,61,2,5,0,-53,2.14318009,24511,87.44,"4,215.53",171.99,,0
SUCUMBIOS,ORIENTE,2020,February,2,0,7,0,0,52,1,68,3,9,0,-64,1.29080043,24483,52.72,"4,248.98",173.55,1.933333333,0
SUCUMBIOS,ORIENTE,2020,March,3,0,4,0,0,52,1,37,2,1,0,-12,1.3829817,24525,56.39,"3,815.85",155.59,-28.87096774,0
SUCUMBIOS,ORIENTE,2020,April,4,0,0,0,0,58,1,5,6,0,27,2,1.09090461,24449,44.62,"2,288.26",93.59,-65.96666667,0
SUCUMBIOS,ORIENTE,2020,May,5,0,2,0,0,74,1,26,2,1,15,76,1.11514238,24511,45.5,"3,066.21",125.1,-43.58064516,0
SUCUMBIOS,ORIENTE,2020,June,6,0,3,0,0,105,1,29,0,0,68,-16,1.37693102,24715,55.71,"6,201.00",250.9,-20.5,0
SUCUMBIOS,ORIENTE,2020,July,7,0,2,0,0,180,1,48,2,2,303,15,1.35878319,24957,54.44,"3,826.03",153.3,-18.87096774,0
SUCUMBIOS,ORIENTE,2020,August,8,0,4,0,0,108,1,45,4,1,731,-1,1.81223947,25001,72.49,"3,815.93",152.63,-15.3125,0
SUCUMBIOS,ORIENTE,2020,September,9,0,8,0,0,61,1,37,2,4,1113,65,1.50857193,25328,59.56,"2,436.04",96.18,-5.95,0
SUCUMBIOS,ORIENTE,2020,October,10,0,10,0,0,68,1,50,2,2,299,-51,1.56163102,25516,61.2,"4,000.08",156.77,-2.064516129,0
SUCUMBIOS,ORIENTE,2020,November,11,0,8,0,0,63,1,36,6,5,198,35,1.83546919,25749,71.28,"4,274.97",166.02,-1.8,0
SUCUMBIOS,ORIENTE,2020,December,12,0,6,0,0,55,1,24,2,2,139,30,1.70184142,25883,65.75,"10,249.06",395.98,9.516129032,0
TUNGURAHUA,SIERRA,2020,January,1,0,20,0,0,254,0,109,2,101,0,-161,20.50799642,78683,260.64,"19,344.60",245.85,,0
TUNGURAHUA,SIERRA,2020,February,2,0,11,0,0,236,0,129,0,120,0,-123,16.62737491,78976,210.54,"18,219.33",230.69,17.33333333,0
TUNGURAHUA,SIERRA,2020,March,3,0,3,0,0,227,0,68,0,44,0,-211,20.3968322,79189,257.57,"21,430.05",270.62,-39.12903226,0
TUNGURAHUA,SIERRA,2020,April,4,0,1,0,0,289,0,29,1,6,9,141,17.91736964,78990,226.83,"13,568.29",171.77,-73.6,0
TUNGURAHUA,SIERRA,2020,May,5,0,3,0,0,394,0,50,1,41,161,89,10.34049735,79353,130.31,"17,587.58",221.64,-58.09677419,0
TUNGURAHUA,SIERRA,2020,June,6,0,19,0,0,537,0,60,3,48,307,142,10.62033553,80313,132.24,"24,634.39",306.73,-38.9,0
TUNGURAHUA,SIERRA,2020,July,7,0,15,0,0,619,0,109,0,40,545,5,13.13412918,80944,162.26,"14,213.13",175.59,-38.22580645,0
TUNGURAHUA,SIERRA,2020,August,8,0,30,0,0,405,0,103,1,70,1061,230,14.10039576,81162,173.73,"13,489.62",166.21,-31.77419355,0
TUNGURAHUA,SIERRA,2020,September,9,0,32,0,0,304,0,101,0,82,1265,10,19.96892844,82156,243.06,"16,830.32",204.86,-25.03333333,0
TUNGURAHUA,SIERRA,2020,October,10,0,17,0,0,301,0,107,4,72,1360,-144,16.34118744,82520,198.03,"15,877.51",192.41,-21.19354839,0
TUNGURAHUA,SIERRA,2020,November,11,0,18,0,0,259,0,111,6,45,406,-67,18.05717303,83113,217.26,"15,572.85",187.37,-19.93333333,0
TUNGURAHUA,SIERRA,2020,December,12,0,31,0,0,326,0,99,0,86,1559,362,15.56761368,83378,186.71,"36,521.52",438.02,-15.16129032,0
ZAMORA CHINCHIPE,ORIENTE,2020,January,1,0,12,0,0,26,1,13,0,6,0,-94,5.40602641,13944,387.7,"8,506.82",610.07,,0
ZAMORA CHINCHIPE,ORIENTE,2020,February,2,0,13,0,0,26,1,11,0,9,0,-31,3.73647977,13906,268.7,"5,401.24",388.41,11,0
ZAMORA CHINCHIPE,ORIENTE,2020,March,3,0,8,0,0,23,1,8,1,2,0,-13,6.93059131,13955,496.64,"7,273.16",521.19,-45.2,0
ZAMORA CHINCHIPE,ORIENTE,2020,April,4,0,0,0,0,26,1,1,0,2,2,-10,4.57308554,13925,328.41,"2,228.69",160.05,-70.08333333,0
ZAMORA CHINCHIPE,ORIENTE,2020,May,5,0,3,0,0,29,1,5,0,5,42,44,2.60021191,13953,186.36,"1,109.55",79.52,-63.03846154,0
ZAMORA CHINCHIPE,ORIENTE,2020,June,6,0,19,0,0,49,1,6,0,4,142,1,3.60489802,14004,257.42,"3,239.73",231.34,-52.82352941,0
ZAMORA CHINCHIPE,ORIENTE,2020,July,7,0,19,0,0,45,1,5,0,4,350,14,3.0701079,14180,216.51,"3,846.32",271.25,-46.07142857,0
ZAMORA CHINCHIPE,ORIENTE,2020,August,8,0,13,0,0,58,1,10,0,7,409,24,3.82492258,14222,268.94,"9,856.26",693.03,-44.125,0
ZAMORA CHINCHIPE,ORIENTE,2020,September,9,0,12,0,0,27,1,10,0,6,287,-9,12.16456505,14378,846.05,"14,262.19",991.95,-25,0
ZAMORA CHINCHIPE,ORIENTE,2020,October,10,0,9,0,0,19,1,4,0,8,257,5,5.1081701,14503,352.21,"12,814.89",883.6,-25,0
ZAMORA CHINCHIPE,ORIENTE,2020,November,11,0,18,0,0,31,1,8,0,9,88,-30,7.29875853,14614,499.44,"10,939.43",748.56,-26.8,0
ZAMORA CHINCHIPE,ORIENTE,2020,December,12,0,11,0,0,18,1,12,0,8,33,114,5.5163308,14664,376.18,"12,670.62",864.06,-27.6,0
AZUAY,SIERRA,2021,January,1,0,61,0.0008,0,509,0,178,3,53,1285,-326,68.37070578,106467,642.18,"26,203.18",246.12,-23.70967742,0
AZUAY,SIERRA,2021,February,2,0,68,0.0075,0.0007,479,0,153,37,56,1668,354,52.32104772,107528,486.58,"25,350.26",235.76,-18.60714286,0
AZUAY,SIERRA,2021,March,3,0,85,0.0351,0.0063,527,0,188,1,60,2441,145,65.25980412,108103,603.68,"30,296.92",280.26,-11.83870968,0
AZUAY,SIERRA,2021,April,4,0,61,0.1129,0.0235,600,0,153,3,57,1369,-204,70.08070918,109356,640.85,"30,093.19",275.19,-16.6,0
AZUAY,SIERRA,2021,May,5,0,102,0.1633,0.0682,599,0,173,1,70,1512,402,52.7777742,109515,481.92,"26,136.17",238.65,-15.93548387,0
AZUAY,SIERRA,2021,June,6,0,76,0.2437,0.1178,483,0,177,3,57,2214,439,55.67789733,110650,503.19,"32,289.07",291.81,6.233333333,0
AZUAY,SIERRA,2021,July,7,0,82,0.6227,0.1953,480,0,194,1,75,1995,205,59.30466378,111755,530.67,"28,219.35",252.51,13.83870968,0
AZUAY,SIERRA,2021,August,8,0,53,0.6588,0.5508,396,0,189,0,61,1864,449,57.23090102,113061,506.19,"30,930.83",273.58,17.93548387,0
AZUAY,SIERRA,2021,September,9,1,103,0.6634,0.5949,325,0,170,3,74,1630,-200,64.16702262,123359,520.16,"36,469.58",295.64,20.63333333,0
AZUAY,SIERRA,2021,October,10,1,81,0.7143,0.6199,362,0,193,2,104,1303,-377,61.40712667,114728,535.24,"31,637.75",275.76,27.25806452,0
AZUAY,SIERRA,2021,November,11,1,64,0.8082,0.6943,294,0,223,3,71,623,-363,59.83013749,114480,522.63,"33,736.55",294.69,30,0
AZUAY,SIERRA,2021,December,12,1,97,0.8221,0.7667,348,0,208,2,98,429,2530,63.95644831,114415,558.99,"56,990.65",498.1,36.4516129,0
BOLIVAR,SIERRA,2021,January,1,0,2,0.0005,0,110,0,9,3,9,278,-29,1.25242438,21317,58.75,"2,066.21",96.93,-13.90322581,0
BOLIVAR,SIERRA,2021,February,2,0,2,0.0024,0.0003,94,0,13,0,1,145,-21,1.01140343,21540,46.95,"1,809.54",84.01,-10.5,0
BOLIVAR,SIERRA,2021,March,3,0,7,0.0281,0.0042,149,0,9,0,8,518,-7,1.2182382,21722,56.08,"2,227.90",102.56,-9.161290323,0
BOLIVAR,SIERRA,2021,April,4,0,4,0.083,0.0183,146,0,11,1,4,796,56,1.1743907,21979,53.43,"1,863.38",84.78,-12.27586207,0
BOLIVAR,SIERRA,2021,May,5,0,2,0.1606,0.0558,111,0,12,0,7,1139,-24,0.96118504,22026,43.64,"1,959.47",88.96,8.153846154,0
BOLIVAR,SIERRA,2021,June,6,0,4,0.2468,0.1218,76,0,13,1,11,932,-8,0.95425336,22342,42.71,"3,862.22",172.87,20,0
BOLIVAR,SIERRA,2021,July,7,0,5,0.5687,0.1786,84,0,20,0,7,565,41,0.88283097,22491,39.25,"2,096.39",93.21,31.76923077,0
BOLIVAR,SIERRA,2021,August,8,0,2,0.5873,0.4962,87,0,12,1,6,240,-49,0.8399627,22810,36.82,"2,219.60",97.31,45.75,0
BOLIVAR,SIERRA,2021,September,9,1,4,0.6521,0.5308,79,0,14,0,11,144,5,1.0240576,26926,38.03,"2,485.91",92.32,48.33333333,0
BOLIVAR,SIERRA,2021,October,10,1,5,0.7134,0.5417,72,0,11,0,3,137,1,1.05372188,23197,45.42,"2,467.65",106.38,47.28571429,0
BOLIVAR,SIERRA,2021,November,11,1,3,0.8026,0.6051,70,0,20,0,4,61,12,0.99423942,23268,42.73,"2,334.10",100.31,50.16666667,0
BOLIVAR,SIERRA,2021,December,12,1,3,0.8472,0.7039,75,0,17,1,9,102,175,1.03594741,23044,44.96,"5,102.83",221.44,56.4,0
CA헤R,SIERRA,2021,January,1,0,4,0.0005,0,139,0,44,2,8,247,18,3.62727002,27685,131.02,"5,125.41",185.13,-10.83870968,0
CA헤R,SIERRA,2021,February,2,0,7,0.0046,0.0003,132,0,40,3,0,340,-29,2.89460518,27964,103.51,"4,208.12",150.48,-7.964285714,0
CA헤R,SIERRA,2021,March,3,0,8,0.0362,0.0036,170,0,37,7,2,1445,-17,3.45512666,28144,122.77,"5,445.80",193.5,-2.225806452,0
CA헤R,SIERRA,2021,April,4,0,3,0.1385,0.0188,154,0,35,2,1,640,4,4.16104907,28435,146.34,"4,926.69",173.26,-3.3,0
CA헤R,SIERRA,2021,May,5,0,7,0.1816,0.0701,156,0,61,3,5,403,66,2.42021855,28562,84.74,"5,199.87",182.06,7.225806452,0
CA헤R,SIERRA,2021,June,6,0,14,0.2535,0.1005,114,0,56,1,7,779,36,2.78643497,28841,96.61,"8,737.66",302.96,21.83333333,0
CA헤R,SIERRA,2021,July,7,0,3,0.7651,0.1737,135,0,51,0,5,1037,88,2.89780635,29090,99.62,"5,701.64",196,33.22580645,0
CA헤R,SIERRA,2021,August,8,0,10,0.8221,0.5773,111,0,46,5,3,609,-85,2.62540124,29407,89.28,"5,645.64",191.98,48.64516129,0
CA헤R,SIERRA,2021,September,9,1,9,0.824,0.6578,98,0,45,11,6,828,62,3.08400655,32787,94.06,"5,568.04",169.82,49.4,0
CA헤R,SIERRA,2021,October,10,1,7,0.9023,0.6839,92,0,56,3,8,405,18,3.02951365,29854,101.48,"6,024.33",201.79,58.25806452,0
CA헤R,SIERRA,2021,November,11,1,7,0.955,0.7307,78,0,77,2,4,75,-162,3.3710577,29201,115.44,"6,377.24",218.39,67.4,0
CA헤R,SIERRA,2021,December,12,1,10,0.9718,0.8386,92,0,59,2,7,81,549,3.01860353,29147,103.56,"14,112.31",484.18,67.51612903,0
CARCHI,SIERRA,2021,January,1,0,1,0.0005,0,151,1,12,0,4,328,3,2.13941042,20229,105.76,"3,127.32",154.6,-12.83870968,0
CARCHI,SIERRA,2021,February,2,0,3,0.0032,0.0002,74,1,19,1,4,367,14,1.6742181,20456,81.84,"3,225.11",157.66,-5.642857143,0
CARCHI,SIERRA,2021,March,3,0,5,0.0285,0.0031,96,1,22,1,8,698,6,2.02866984,20618,98.39,"3,646.64",176.87,0.806451613,0
CARCHI,SIERRA,2021,April,4,0,5,0.0713,0.0141,105,1,11,0,8,409,-3,2.09767681,20880,100.46,"3,409.86",163.31,2,0
CARCHI,SIERRA,2021,May,5,0,3,0.1108,0.0412,113,1,10,0,12,561,-10,1.60335551,20936,76.58,"3,385.16",161.69,0.741935484,0
CARCHI,SIERRA,2021,June,6,0,7,0.1652,0.0805,104,1,19,0,4,687,46,1.49898091,21189,70.74,"5,883.72",277.68,24.6,0
CARCHI,SIERRA,2021,July,7,0,2,0.4671,0.1327,99,1,16,0,3,442,-30,1.64674651,21275,77.4,"3,783.06",177.82,37.74193548,0
CARCHI,SIERRA,2021,August,8,0,3,0.5011,0.3985,78,1,17,2,3,349,61,1.69854317,21539,78.86,"3,575.14",165.98,47.41935484,0
CARCHI,SIERRA,2021,September,9,1,2,0.5402,0.4446,67,1,17,1,7,342,9,1.78473445,24835,71.86,"2,187.98",88.1,49.5,1
CARCHI,SIERRA,2021,October,10,1,4,0.6229,0.4841,70,1,21,0,6,170,17,1.9250166,21775,88.4,"3,842.30",176.45,56,1
CARCHI,SIERRA,2021,November,11,1,4,0.6842,0.5796,56,1,21,0,8,106,-33,1.82217003,21489,84.8,"4,401.17",204.81,62.24137931,1
CARCHI,SIERRA,2021,December,12,1,1,0.7097,0.6312,56,1,32,1,6,72,262,2.0868256,21332,97.83,"9,215.60",432.01,78.52173913,1
CHIMBORAZO,SIERRA,2021,January,1,0,16,0.0005,0,320,1,92,1,41,335,-16,7.02719611,56851,123.61,"7,823.49",137.61,-27.09677419,0
CHIMBORAZO,SIERRA,2021,February,2,0,9,0.0029,0.0003,266,1,76,4,44,408,33,5.43707594,57532,94.51,"8,872.70",154.22,-20.64285714,0
CHIMBORAZO,SIERRA,2021,March,3,0,22,0.0296,0.0014,336,1,103,0,49,1040,-75,8.19809066,57933,141.51,"10,349.18",178.64,-17.03225806,0
CHIMBORAZO,SIERRA,2021,April,4,0,12,0.1057,0.0166,379,1,90,2,38,704,80,6.91801318,58662,117.93,"8,891.38",151.57,-12.33333333,0
CHIMBORAZO,SIERRA,2021,May,5,0,14,0.1425,0.0506,369,1,122,1,41,923,115,6.31288397,58898,107.18,"10,568.41",179.44,-2.193548387,0
CHIMBORAZO,SIERRA,2021,June,6,0,25,0.2153,0.0936,283,1,120,0,56,1031,-53,5.33927288,59694,89.44,"14,046.98",235.32,5.433333333,0
CHIMBORAZO,SIERRA,2021,July,7,0,18,0.5602,0.1498,277,1,107,2,35,892,89,5.93904348,60230,98.61,"10,543.87",175.06,13.90322581,0
CHIMBORAZO,SIERRA,2021,August,8,0,27,0.6251,0.4455,229,1,126,1,37,631,158,6.6079714,60932,108.45,"10,611.60",174.15,21.35483871,0
CHIMBORAZO,SIERRA,2021,September,9,1,22,0.6247,0.516,183,1,120,1,46,413,-146,5.37577192,69239,77.64,"10,963.01",158.34,24.16666667,1
CHIMBORAZO,SIERRA,2021,October,10,1,29,0.6955,0.536,193,1,112,0,78,240,-12,5.98773854,61875,96.77,"10,436.68",168.67,26.64516129,1
CHIMBORAZO,SIERRA,2021,November,11,1,24,0.7599,0.591,182,1,91,2,89,51,-40,6.0694071,62053,97.81,"11,163.41",179.9,29.46666667,1
CHIMBORAZO,SIERRA,2021,December,12,1,9,0.7813,0.6809,209,1,100,1,68,64,787,6.60434263,61727,106.99,"22,311.87",361.46,40.32258065,1
COTOPAXI,SIERRA,2021,January,1,0,15,0,0,280,1,64,1,14,537,-298,12.16580445,48671,249.96,"12,017.00",246.9,-13.09677419,0
COTOPAXI,SIERRA,2021,February,2,0,16,0.0031,0.0002,273,1,48,8,6,562,207,9.85911309,49155,200.57,"9,291.54",189.03,-7.714285714,0
COTOPAXI,SIERRA,2021,March,3,0,18,0.0132,0.0038,265,1,55,2,6,1507,-83,10.99278428,49577,221.73,"9,129.78",184.15,-1.451612903,0
COTOPAXI,SIERRA,2021,April,4,0,14,0.0721,0.0084,311,1,46,3,6,965,8,15.61281302,50116,311.53,"12,513.65",249.69,-2.4,0
COTOPAXI,SIERRA,2021,May,5,0,16,0.1169,0.0382,319,1,36,3,7,882,175,10.12620611,50316,201.25,"13,188.55",262.11,1.193548387,0
COTOPAXI,SIERRA,2021,June,6,0,35,0.1832,0.0873,236,1,56,1,8,1232,-68,9.28091587,50987,182.03,"25,269.23",495.6,25.43333333,0
COTOPAXI,SIERRA,2021,July,7,0,26,0.5805,0.1376,213,1,58,18,11,845,458,12.83804315,51416,249.69,"13,399.00",260.6,36.87096774,0
COTOPAXI,SIERRA,2021,August,8,0,20,0.6256,0.5012,180,1,47,0,8,404,-213,10.72773521,52078,205.99,"13,233.78",254.11,46.61290323,0
COTOPAXI,SIERRA,2021,September,9,1,12,0.6674,0.5687,155,1,58,3,7,352,-58,8.81719509,57586,153.11,"13,870.05",240.86,47.4,1
COTOPAXI,SIERRA,2021,October,10,1,12,0.7579,0.5839,144,1,36,2,5,193,108,11.34906794,53099,213.73,"13,144.97",247.56,51.87096774,1
COTOPAXI,SIERRA,2021,November,11,1,14,0.8276,0.654,156,1,36,2,13,95,-98,12.8428189,52854,242.99,"13,667.93",258.6,60.2,1
COTOPAXI,SIERRA,2021,December,12,1,9,0.8485,0.7524,145,1,93,4,13,77,1350,12.91938157,52769,244.83,"27,592.75",522.9,71.19354839,1
EL ORO,COSTA,2021,January,1,0,27,0.0001,0,444,0,225,12,79,915,-125,20.72129433,81402,254.56,"26,425.77",324.63,-19.09677419,0
EL ORO,COSTA,2021,February,2,0,45,0.0025,0.0003,466,0,198,14,63,956,186,16.32724008,82054,198.98,"31,748.18",386.92,-12.96428571,0
EL ORO,COSTA,2021,March,3,0,38,0.0264,0.0039,498,0,218,10,55,2174,-222,23.64444306,82609,286.22,"34,980.22",423.44,-4.129032258,0
EL ORO,COSTA,2021,April,4,0,42,0.0824,0.0156,711,0,189,12,54,2128,162,25.0391408,83482,299.93,"36,025.32",431.53,-11.16666667,0
EL ORO,COSTA,2021,May,5,0,41,0.1214,0.0395,537,0,187,13,69,2361,200,18.06061617,83670,215.86,"36,672.60",438.3,-5.838709677,0
EL ORO,COSTA,2021,June,6,0,43,0.1842,0.0798,380,0,175,11,66,3134,-173,18.12206366,84961,213.3,"45,327.05",533.5,18.93333333,0
EL ORO,COSTA,2021,July,7,0,44,0.6584,0.1432,332,0,240,7,66,2413,278,18.19372385,85634,212.46,"36,412.09",425.21,17.74193548,0
EL ORO,COSTA,2021,August,8,0,57,0.6959,0.5591,344,0,226,18,68,1061,-97,19.46031975,86524,224.91,"35,524.63",410.58,29.12903226,0
EL ORO,COSTA,2021,September,9,1,58,0.7114,0.6214,314,0,248,11,67,1042,-72,20.46622201,98450,207.88,"39,016.90",396.31,40.8,0
EL ORO,COSTA,2021,October,10,1,66,0.7949,0.638,264,0,266,12,68,871,-15,20.91439652,88043,237.55,"29,633.73",336.58,48.58064516,0
EL ORO,COSTA,2021,November,11,1,47,0.8375,0.7182,275,0,267,11,50,221,-463,19.31073907,88480,218.25,"39,474.42",446.14,48.93333333,0
EL ORO,COSTA,2021,December,12,1,46,0.8607,0.7738,356,0,267,15,78,184,1614,20.66030476,88197,234.25,"49,082.40",556.51,61.61290323,0
ESMERALDAS,COSTA,2021,January,1,0,8,0.0004,0,176,0,115,9,17,619,-161,5.78747426,52513,110.21,"10,143.08",193.15,-15.06451613,0
ESMERALDAS,COSTA,2021,February,2,0,9,0.003,0.0002,195,0,149,7,15,199,78,3.83383432,53374,71.83,"6,474.70",121.31,-8.607142857,0
ESMERALDAS,COSTA,2021,March,3,0,12,0.0145,0.0024,298,0,176,7,21,409,12,4.44896494,53934,82.49,"6,223.07",115.38,-7.612903226,0
ESMERALDAS,COSTA,2021,April,4,0,8,0.0643,0.0093,280,0,136,14,13,624,56,4.7779696,54782,87.22,"10,552.00",192.62,-15.4,0
ESMERALDAS,COSTA,2021,May,5,0,18,0.094,0.0316,244,0,125,11,10,943,123,4.01163256,55237,72.63,"12,726.46",230.4,-10.5483871,0
ESMERALDAS,COSTA,2021,June,6,0,12,0.1592,0.0492,192,0,133,13,14,772,-146,4.1233063,56170,73.41,"19,011.83",338.47,14.6,0
ESMERALDAS,COSTA,2021,July,7,0,18,0.5208,0.0939,184,0,154,13,23,519,159,4.28553367,56933,75.27,"14,681.31",257.87,32.80645161,0
ESMERALDAS,COSTA,2021,August,8,0,14,0.5623,0.4383,170,0,129,10,29,481,-83,4.28786606,58310,73.54,"13,626.59",233.69,57.16129032,0
ESMERALDAS,COSTA,2021,September,9,1,18,0.5877,0.4936,173,0,147,14,16,588,428,4.96854393,74431,66.75,"14,149.73",190.11,43.56666667,0
ESMERALDAS,COSTA,2021,October,10,1,12,0.6764,0.5093,154,0,142,11,21,322,-301,5.18952619,60390,85.93,"11,337.08",187.73,49.80645161,0
ESMERALDAS,COSTA,2021,November,11,1,14,0.7544,0.5908,157,0,160,20,27,152,-159,5.51030065,59155,93.15,"11,343.64",191.76,48.13333333,0
ESMERALDAS,COSTA,2021,December,12,1,21,0.7832,0.6678,163,0,231,22,25,48,634,5.17508566,58710,88.15,"19,492.88",332.02,58.96774194,0
GALAPAGOS,GAL쳃AGOS,2021,January,1,0,9,0,0,12,0,2,0,0,401,-37,1.79405216,7085,253.22,821.95,116.01,,0
GALAPAGOS,GAL쳃AGOS,2021,February,2,0,4,0.0197,0.0064,6,0,3,0,0,290,32,0.8512231,7117,119.6,953.51,133.98,,0
GALAPAGOS,GAL쳃AGOS,2021,March,3,0,6,0.2881,0.0096,12,0,1,0,0,329,-5,1.1813674,7164,164.9,992.48,138.54,,0
GALAPAGOS,GAL쳃AGOS,2021,April,4,0,12,0.4807,0.1554,9,0,2,0,0,62,30,1.16812169,7217,161.86,"1,204.85",166.95,,0
GALAPAGOS,GAL쳃AGOS,2021,May,5,0,8,0.8416,0.5696,6,0,3,0,0,37,15,1.25060865,7258,172.31,"1,731.74",238.6,,0
GALAPAGOS,GAL쳃AGOS,2021,June,6,0,5,0.8764,0.6521,4,0,2,0,0,41,20,1.23063543,7296,168.67,"2,869.69",393.32,,0
GALAPAGOS,GAL쳃AGOS,2021,July,7,0,8,0.9659,0.6854,4,0,0,0,0,54,-7,1.55680863,7332,212.33,"2,338.60",318.96,,0
GALAPAGOS,GAL쳃AGOS,2021,August,8,0,7,0.9667,0.7752,7,0,2,0,0,25,1,1.42445471,7425,191.85,"2,912.89",392.31,,0
GALAPAGOS,GAL쳃AGOS,2021,September,9,1,8,0.8075,0.7741,5,0,4,0,0,7,56,1.53800389,8038,191.34,"2,013.91",250.55,,0
GALAPAGOS,GAL쳃AGOS,2021,October,10,1,7,0.8819,0.7807,2,0,0,0,1,11,55,1.24511152,7509,165.82,"2,552.33",339.9,,0
GALAPAGOS,GAL쳃AGOS,2021,November,11,1,12,0.8935,0.8489,1,0,1,0,0,8,-13,2.05418364,7442,276.03,"2,816.71",378.49,,0
GALAPAGOS,GAL쳃AGOS,2021,December,12,1,14,0.9026,0.8634,4,0,1,0,0,9,7,1.80108478,7437,242.18,"7,558.30","1,016.31",,0
GUAYAS,COSTA,2021,January,1,0,365,0.0003,0,2668,0,1666,54,636,2210,-695,431.5888284,424400,"1,016.94","144,968.24",341.58,-26.87096774,0
GUAYAS,COSTA,2021,February,2,0,345,0.0041,0.0003,2467,0,1701,91,585,2981,1336,309.1079695,428115,722.02,"134,257.38",313.6,-20.10714286,0
GUAYAS,COSTA,2021,March,3,0,484,0.0182,0.0037,3154,0,1695,85,617,4523,-502,401.9552399,431502,931.53,"130,088.75",301.48,-13.35483871,0
GUAYAS,COSTA,2021,April,4,0,363,0.0522,0.0113,3745,0,1604,76,551,4511,1203,509.3673168,436747,"1,166.28","115,041.25",263.4,-21.53333333,0
GUAYAS,COSTA,2021,May,5,0,466,0.0905,0.0359,2956,0,1597,69,531,6163,59,341.1005688,438671,777.58,"110,586.11",252.09,-19.22580645,0
GUAYAS,COSTA,2021,June,6,0,556,0.1567,0.0709,2190,0,1749,71,666,7477,703,341.3095406,445335,766.41,"162,665.63",365.27,1.933333333,0
GUAYAS,COSTA,2021,July,7,0,529,0.5141,0.1193,2142,0,1878,88,708,7344,1332,354.1278001,449040,788.63,"136,771.77",304.59,7.612903226,0
GUAYAS,COSTA,2021,August,8,0,526,0.5724,0.459,1923,0,1891,85,728,7724,1277,349.053482,456144,765.23,"132,067.83",289.53,11.96774194,0
GUAYAS,COSTA,2021,September,9,1,519,0.6156,0.5289,1985,0,1904,205,709,2492,84,360.5369297,531217,678.7,"132,853.94",250.09,14.53333333,0
GUAYAS,COSTA,2021,October,10,1,513,0.6803,0.5548,1950,0,1854,113,722,2172,-756,369.9084291,467040,792.03,"131,043.93",280.58,19.06451613,0
GUAYAS,COSTA,2021,November,11,1,429,0.7428,0.6066,2031,0,1843,155,645,1140,-1816,372.5781686,465249,800.81,"116,042.09",249.42,20.13333333,0
GUAYAS,COSTA,2021,December,12,1,473,0.7731,0.6695,2164,0,2267,100,667,750,9188,399.8093184,465185,859.46,"180,846.39",388.76,33.25806452,0
IMBABURA,SIERRA,2021,January,1,0,12,0.0007,0,275,0,66,0,26,662,-296,10.56576616,58371,181.01,"10,399.49",178.16,-19.93548387,0
IMBABURA,SIERRA,2021,February,2,0,16,0.0065,0.0003,237,0,70,0,34,656,150,7.75257142,59240,130.87,"7,319.33",123.55,-16.25,0
IMBABURA,SIERRA,2021,March,3,0,22,0.0223,0.0037,250,0,77,1,24,1460,47,9.39826773,59717,157.38,"12,446.69",208.43,-13.22580645,0
IMBABURA,SIERRA,2021,April,4,0,23,0.0984,0.0158,329,0,71,2,19,1095,-174,13.21491916,60534,218.31,"11,896.06",196.52,-16,0
IMBABURA,SIERRA,2021,May,5,0,12,0.1479,0.0582,360,0,83,0,25,990,241,7.4199275,60842,121.95,"11,424.55",187.77,-18.06451613,0
IMBABURA,SIERRA,2021,June,6,0,26,0.242,0.0909,241,0,83,5,26,1994,-36,8.65958135,61568,140.65,"21,724.22",352.85,3.433333333,0
IMBABURA,SIERRA,2021,July,7,0,27,0.6231,0.1566,230,0,93,2,23,2174,91,7.64533581,62263,122.79,"12,763.73",205,12.87096774,0
IMBABURA,SIERRA,2021,August,8,0,32,0.6626,0.5555,188,0,106,2,38,1242,118,8.36593887,63025,132.74,"11,424.88",181.28,19.06451613,0
IMBABURA,SIERRA,2021,September,9,1,27,0.681,0.6192,194,0,94,3,29,1170,-10,9.29409073,71208,130.52,"12,456.17",174.93,18.7,0
IMBABURA,SIERRA,2021,October,10,1,23,0.7623,0.6316,168,0,107,0,30,974,52,8.58821701,64288,133.59,"12,909.52",200.81,22.12903226,0
IMBABURA,SIERRA,2021,November,11,1,27,0.8218,0.7238,195,0,76,1,47,243,-111,9.04826136,64597,140.07,"13,531.39",209.47,28.66666667,0
IMBABURA,SIERRA,2021,December,12,1,24,0.8414,0.8023,188,0,104,2,25,245,891,9.94733605,64494,154.24,"26,851.05",416.33,41.25806452,0
LOJA,SIERRA,2021,January,1,0,26,0,0,250,0,58,0,32,791,39,7.83706271,57563,136.15,"9,997.03",173.67,-19.64516129,0
LOJA,SIERRA,2021,February,2,0,16,0.003,0.0003,287,0,32,0,38,581,-16,5.80881306,58118,99.95,"10,572.34",181.91,-15.39285714,0
LOJA,SIERRA,2021,March,3,0,20,0.0346,0.007,457,0,47,2,25,1472,43,7.36051842,58489,125.84,"13,339.19",228.06,-13.77419355,0
LOJA,SIERRA,2021,April,4,0,21,0.13,0.0256,517,0,51,0,20,1281,-117,7.66041728,58894,130.07,"10,092.73",171.37,-26.5,0
LOJA,SIERRA,2021,May,5,0,21,0.1893,0.0754,348,0,37,1,46,2130,100,5.70729918,59035,96.68,"11,579.16",196.14,-17.61290323,0
LOJA,SIERRA,2021,June,6,0,16,0.2701,0.1314,257,0,47,1,52,2363,65,5.69752057,59914,95.09,"22,630.10",377.71,6.7,0
LOJA,SIERRA,2021,July,7,0,29,0.6442,0.2046,233,0,55,0,45,1313,115,6.18384364,60158,102.79,"11,557.11",192.11,33.06451613,0
LOJA,SIERRA,2021,August,8,0,13,0.692,0.5493,231,0,46,1,47,894,237,6.55926999,60867,107.76,"13,249.09",217.67,45.4516129,0
LOJA,SIERRA,2021,September,9,1,27,0.6983,0.6154,222,0,57,1,54,613,431,6.26717785,66186,94.69,"15,274.82",230.79,48.7,0
LOJA,SIERRA,2021,October,10,1,23,0.7831,0.6406,217,0,50,1,49,406,-734,7.11919041,61851,115.1,"13,345.75",215.77,52.48387097,0
LOJA,SIERRA,2021,November,11,1,21,0.82,0.723,212,0,77,1,55,172,84,7.15923501,61604,116.21,"11,907.49",193.29,60.3,0
LOJA,SIERRA,2021,December,12,1,9,0.8339,0.7754,224,0,64,2,46,74,714,7.35303744,61492,119.58,"28,276.95",459.85,79.87096774,0
LOS RIOS,COSTA,2021,January,1,0,18,0.0005,0,443,0,378,3,103,457,6,9.20297104,70632,130.29,"18,015.18",255.06,-20.32258065,0
LOS RIOS,COSTA,2021,February,2,0,14,0.0017,0.0002,471,0,319,8,85,442,152,6.77055691,71238,95.04,"20,516.28",288,-15.89285714,0
LOS RIOS,COSTA,2021,March,3,0,34,0.0173,0.002,595,0,388,11,108,1158,6,8.17145976,71874,113.69,"17,108.30",238.03,-10.41935484,0
LOS RIOS,COSTA,2021,April,4,0,17,0.0409,0.0095,662,0,300,12,78,1520,57,8.19332957,72890,112.41,"22,871.23",313.78,-13.06666667,0
LOS RIOS,COSTA,2021,May,5,0,30,0.0814,0.024,541,0,361,25,68,1709,-53,6.67153769,73190,91.15,"19,108.90",261.09,-7.096774194,0
LOS RIOS,COSTA,2021,June,6,0,21,0.1567,0.0564,383,0,329,8,93,1784,-100,6.97092959,74248,93.89,"45,498.36",612.79,15.53333333,0
LOS RIOS,COSTA,2021,July,7,0,28,0.4994,0.1089,391,0,463,16,98,1130,55,7.14258531,74859,95.41,"21,590.98",288.42,22.38709677,0
LOS RIOS,COSTA,2021,August,8,0,24,0.5188,0.4482,370,0,449,18,98,436,9,6.12221929,75975,80.58,"23,058.60",303.5,26.35483871,0
LOS RIOS,COSTA,2021,September,9,1,17,0.5721,0.4901,338,0,403,23,94,241,-94,7.17946348,92294,77.79,"24,320.01",263.51,29.93333333,0
LOS RIOS,COSTA,2021,October,10,1,16,0.6345,0.5081,367,0,382,25,109,172,147,7.10345803,77490,91.67,"17,373.43",224.2,34.58064516,0
LOS RIOS,COSTA,2021,November,11,1,32,0.6996,0.5348,356,0,406,27,93,77,-77,7.38611051,77415,95.41,"28,922.11",373.6,36.06666667,0
LOS RIOS,COSTA,2021,December,12,1,25,0.7501,0.6069,381,0,508,21,110,61,727,7.75934582,77107,100.63,"49,610.85",643.4,48.35483871,0
MANABI,COSTA,2021,January,1,0,57,0.0006,0,781,0,214,13,149,1709,-690,25.76456457,151579,169.97,"40,875.50",269.66,-30.29032258,0
MANABI,COSTA,2021,February,2,0,49,0.0043,0.0003,869,0,203,27,151,2055,181,19.19151389,153106,125.35,"45,047.62",294.23,-24.25,0
MANABI,COSTA,2021,March,3,0,86,0.0169,0.0034,1148,0,208,12,152,2631,145,24.408966,154258,158.23,"49,856.25",323.2,-21.48387097,0
MANABI,COSTA,2021,April,4,0,43,0.0632,0.0111,1190,0,196,16,140,2938,240,28.82353888,156189,184.54,"56,472.92",361.57,-25.66666667,0
MANABI,COSTA,2021,May,5,0,80,0.1151,0.0382,860,0,187,14,140,4589,-68,21.16401346,156663,135.09,"50,967.90",325.33,-19.90322581,0
MANABI,COSTA,2021,June,6,0,56,0.1943,0.0646,687,0,206,24,170,3621,69,23.30901316,158690,146.88,"68,905.22",434.21,0.933333333,0
MANABI,COSTA,2021,July,7,0,66,0.6003,0.1225,583,0,265,16,169,2031,89,22.47558446,160109,140.38,"49,997.64",312.27,10.4516129,0
MANABI,COSTA,2021,August,8,0,77,0.6443,0.5173,628,0,252,21,184,1302,274,22.06466202,162832,135.51,"51,073.75",313.66,20.35483871,0
MANABI,COSTA,2021,September,9,1,53,0.668,0.5994,546,0,237,11,191,637,-62,23.1229281,199243,116.05,"41,491.89",208.25,20.36666667,0
MANABI,COSTA,2021,October,10,1,62,0.7522,0.6182,594,0,231,8,146,559,-146,22.80847321,166460,137.02,"46,657.65",280.29,26.74193548,0
MANABI,COSTA,2021,November,11,1,62,0.8297,0.6773,645,0,254,20,177,315,-11,23.86157131,167664,142.32,"43,436.22",259.07,28.03333333,0
MANABI,COSTA,2021,December,12,1,55,0.8599,0.7608,700,0,282,13,188,359,1680,24.37876293,166555,146.37,"84,655.47",508.27,39.51612903,0
MORONA SANTIAGO,ORIENTE,2021,January,1,0,6,0,0,57,1,20,0,17,286,-45,2.52092793,18062,139.57,"1,578.22",87.38,-29,0
MORONA SANTIAGO,ORIENTE,2021,February,2,0,8,0.0034,0.0005,48,1,16,1,16,359,58,1.22076154,18284,66.77,"2,168.35",118.59,,0
MORONA SANTIAGO,ORIENTE,2021,March,3,0,5,0.0287,0.0031,61,1,25,0,16,557,65,2.33351117,18420,126.68,"2,365.64",128.43,,0
MORONA SANTIAGO,ORIENTE,2021,April,4,0,7,0.0806,0.0134,60,1,24,0,9,186,-130,1.95327014,18690,104.51,"1,943.71",104,,0
MORONA SANTIAGO,ORIENTE,2021,May,5,0,12,0.1034,0.042,57,1,24,0,13,270,3,1.52929318,18742,81.6,"2,158.22",115.15,,0
MORONA SANTIAGO,ORIENTE,2021,June,6,0,9,0.1429,0.0709,53,1,24,0,5,640,12,1.42030565,18935,75.01,"3,833.06",202.43,,0
MORONA SANTIAGO,ORIENTE,2021,July,7,0,6,0.3491,0.1065,46,1,27,1,10,394,127,1.55438773,19200,80.96,"2,053.51",106.95,,0
MORONA SANTIAGO,ORIENTE,2021,August,8,0,6,0.3927,0.3057,67,1,20,2,7,339,-108,1.97875955,19514,101.4,"2,421.64",124.1,,0
MORONA SANTIAGO,ORIENTE,2021,September,9,1,8,0.4307,0.3602,35,1,24,1,12,481,0,1.52549682,21716,70.25,"2,540.48",116.99,,1
MORONA SANTIAGO,ORIENTE,2021,October,10,1,8,0.501,0.3898,33,1,28,1,11,266,77,2.34052599,19763,118.43,"2,569.34",130.01,,1
MORONA SANTIAGO,ORIENTE,2021,November,11,1,5,0.5713,0.4624,36,1,13,0,6,56,-118,2.57195926,19306,133.22,"2,436.29",126.19,,1
MORONA SANTIAGO,ORIENTE,2021,December,12,1,6,0.6102,0.5162,68,1,26,0,14,98,151,2.12670829,19225,110.62,"5,495.21",285.84,,1
NAPO,ORIENTE,2021,January,1,0,1,0,0,57,0,18,0,3,99,-71,1.32384112,13619,97.21,"1,122.69",82.44,-5.032258065,0
NAPO,ORIENTE,2021,February,2,0,4,0.0053,0.0005,42,0,13,0,3,131,22,0.81313207,13828,58.8,"1,207.56",87.33,5.692307692,0
NAPO,ORIENTE,2021,March,3,0,2,0.0327,0.0074,51,0,13,0,5,285,32,1.0776612,13994,77.01,"1,309.85",93.6,8.548387097,0
NAPO,ORIENTE,2021,April,4,0,5,0.1109,0.0208,50,0,15,0,5,233,-41,1.31225775,14220,92.28,"1,187.69",83.52,12.82758621,0
NAPO,ORIENTE,2021,May,5,0,8,0.1622,0.0517,59,0,20,1,3,245,18,0.85807732,14275,60.11,"1,420.30",99.5,28.76923077,0
NAPO,ORIENTE,2021,June,6,0,4,0.2401,0.0807,45,0,15,0,5,342,9,0.8769648,14399,60.9,"2,690.00",186.82,34.75,0
NAPO,ORIENTE,2021,July,7,0,1,0.5996,0.1131,52,0,14,2,4,428,130,0.87172001,14559,59.87,"1,439.25",98.86,41.11111111,0
NAPO,ORIENTE,2021,August,8,0,6,0.6507,0.4454,31,0,24,0,3,311,-75,0.72330697,14722,49.13,914.01,62.08,63.41666667,0
NAPO,ORIENTE,2021,September,9,1,3,0.6398,0.5294,46,0,16,1,3,275,-38,1.12286281,17035,65.92,"1,506.77",88.45,62.3,0
NAPO,ORIENTE,2021,October,10,1,3,0.7468,0.5439,34,0,22,0,2,108,20,1.02632349,14967,68.57,"1,439.86",96.2,69.11111111,0
NAPO,ORIENTE,2021,November,11,1,6,0.8174,0.6433,45,0,21,0,7,67,-48,1.28734734,14913,86.32,"1,396.65",93.65,68.54545455,0
NAPO,ORIENTE,2021,December,12,1,9,0.8435,0.7223,45,0,21,1,6,132,189,0.98106609,14825,66.18,"3,282.82",221.44,79.375,0
ORELLANA,ORIENTE,2021,January,1,0,12,0,0,47,1,38,0,10,112,-118,2.66250062,19428,137.04,"2,501.55",128.76,-3.483870968,0
ORELLANA,ORIENTE,2021,February,2,0,7,0.0027,0.0002,44,1,45,0,2,46,-100,2.06937347,19737,104.85,"3,283.66",166.37,-1.428571429,0
ORELLANA,ORIENTE,2021,March,3,0,5,0.0204,0.0045,57,1,48,2,1,88,81,3.00388972,19896,150.98,"5,406.18",271.72,4.290322581,0
ORELLANA,ORIENTE,2021,April,4,0,7,0.0666,0.0128,58,1,37,0,5,125,36,3.14876375,20237,155.59,"4,635.56",229.06,11.76666667,0
ORELLANA,ORIENTE,2021,May,5,0,10,0.1067,0.0329,56,1,43,0,2,183,86,2.26767535,20328,111.55,"5,071.77",249.5,22.16129032,0
ORELLANA,ORIENTE,2021,June,6,0,9,0.1462,0.0497,52,1,42,3,1,389,-128,2.7750453,20503,135.35,"8,710.02",424.82,30.2,0
ORELLANA,ORIENTE,2021,July,7,0,9,0.5363,0.0845,52,1,46,2,6,315,83,2.57900738,20809,123.94,"5,192.94",249.55,41.74193548,0
ORELLANA,ORIENTE,2021,August,8,0,13,0.6047,0.4317,37,1,44,0,1,239,181,2.02607938,21095,96.05,"5,195.16",246.27,46.32258065,0
ORELLANA,ORIENTE,2021,September,9,1,7,0.6259,0.5078,41,1,53,1,1,137,6,2.42889918,24075,100.89,"4,864.05",202.04,50.13333333,1
ORELLANA,ORIENTE,2021,October,10,1,18,0.6988,0.5267,64,1,40,1,5,62,165,2.58468351,21633,119.48,"4,949.76",228.81,52.10344828,1
ORELLANA,ORIENTE,2021,November,11,1,7,0.7887,0.6078,51,1,46,1,9,43,-200,2.72148299,21803,124.82,"5,468.66",250.82,57.59259259,1
ORELLANA,ORIENTE,2021,December,12,1,9,0.826,0.6874,45,1,54,1,5,127,184,3.25636844,21726,149.88,"8,737.45",402.17,70.27777778,1
PASTAZA,ORIENTE,2021,January,1,0,1,0,0,42,1,11,0,6,83,2,1.47392311,13980,105.43,"1,434.06",102.58,-23.16129032,0
PASTAZA,ORIENTE,2021,February,2,0,1,0.0042,0.0008,29,1,18,0,2,73,3,0.86000608,14099,61,"1,744.54",123.74,-15.25,0
PASTAZA,ORIENTE,2021,March,3,0,2,0.0239,0.0021,47,1,27,2,2,109,-26,1.146042,14162,80.92,"1,778.32",125.57,-13.90322581,0
PASTAZA,ORIENTE,2021,April,4,0,3,0.0603,0.0128,46,1,19,1,4,115,32,1.61201595,14350,112.34,"1,784.62",124.36,-12.93333333,0
PASTAZA,ORIENTE,2021,May,5,0,7,0.1004,0.0278,60,1,26,0,6,105,-40,0.89895251,14368,62.57,"1,836.96",127.85,-6.870967742,0
PASTAZA,ORIENTE,2021,June,6,0,7,0.1517,0.0679,35,1,9,0,3,227,78,0.87116631,14488,60.13,"4,306.98",297.28,2.833333333,0
PASTAZA,ORIENTE,2021,July,7,0,7,0.4372,0.107,35,1,26,2,1,198,2,0.97366964,14679,66.33,"2,106.36",143.5,12.4516129,0
PASTAZA,ORIENTE,2021,August,8,0,3,0.4837,0.3785,33,1,28,0,3,125,-36,1.03398487,14811,69.81,"2,166.52",146.28,23.8,0
PASTAZA,ORIENTE,2021,September,9,1,8,0.5238,0.4431,27,1,27,1,4,203,-27,1.28766609,16526,77.92,"1,903.45",115.18,21.5,1
PASTAZA,ORIENTE,2021,October,10,1,5,0.5971,0.4693,35,1,31,2,2,104,16,1.12162046,15062,74.47,"1,911.12",126.88,22,1
PASTAZA,ORIENTE,2021,November,11,1,3,0.66,0.5339,25,1,23,0,1,41,-19,1.08071102,14901,72.53,"1,996.89",134.01,24.75,1
PASTAZA,ORIENTE,2021,December,12,1,4,0.6942,0.6054,31,1,10,0,5,36,135,1.31333212,14826,88.58,"2,349.90",158.5,39.24137931,1
PICHINCHA,SIERRA,2021,January,1,0,363,0.0006,0,1829,0,1118,12,333,10634,-1580,637.7571987,510605,"1,249.02","95,822.32",187.66,-34.22580645,0
PICHINCHA,SIERRA,2021,February,2,0,351,0.0048,0.0005,1627,0,1201,12,274,5836,1423,464.9192397,516087,900.85,"82,525.15",159.91,-28.14285714,0
PICHINCHA,SIERRA,2021,March,3,0,487,0.0287,0.0054,1936,0,1321,13,336,12191,-65,566.446537,519840,"1,089.66","90,088.11",173.3,-23.12903226,0
PICHINCHA,SIERRA,2021,April,4,0,422,0.0786,0.019,2482,0,1128,14,228,12824,-960,672.2534664,525849,"1,278.42","97,064.51",184.59,-27.3,0
PICHINCHA,SIERRA,2021,May,5,0,504,0.1466,0.0613,2278,0,1107,13,240,14184,2344,544.9566802,527720,"1,032.66","93,240.28",176.69,-27.32258065,0
PICHINCHA,SIERRA,2021,June,6,0,559,0.2341,0.1055,1648,0,1270,16,281,19782,128,526.2165462,533345,986.63,"101,104.77",189.57,-9.833333333,0
PICHINCHA,SIERRA,2021,July,7,0,485,0.6598,0.1826,1683,0,1375,12,303,16986,1565,548.6149797,537785,"1,020.14","87,241.68",162.22,-2.741935484,0
PICHINCHA,SIERRA,2021,August,8,0,487,0.7019,0.6049,1308,0,1382,11,336,12408,2253,530.8968497,545379,973.45,"94,462.29",173.2,2.193548387,0
PICHINCHA,SIERRA,2021,September,9,1,546,0.7308,0.6651,1176,0,1280,16,338,12078,-562,640.4474671,597260,"1,072.31","79,396.72",132.93,4.933333333,0
PICHINCHA,SIERRA,2021,October,10,1,520,0.8088,0.6962,1125,0,1395,17,401,8569,-1072,586.6054892,555529,"1,055.94","93,975.27",169.16,8,0
PICHINCHA,SIERRA,2021,November,11,1,458,0.8624,0.7765,1102,0,1439,11,356,4333,-1286,589.9633782,552870,"1,067.09","92,101.37",166.59,12.06666667,0
PICHINCHA,SIERRA,2021,December,12,1,483,0.8759,0.8391,1255,0,1515,13,382,3702,9374,620.8872517,553991,"1,120.75","97,193.86",175.44,25.25806452,0
SANTA ELENA,COSTA,2021,January,1,0,5,0.0003,0,179,0,64,1,38,420,-20,3.0543841,26896,113.56,"5,179.77",192.59,-15.29032258,0
SANTA ELENA,COSTA,2021,February,2,0,6,0.0023,0.0001,132,0,94,1,45,491,24,2.54018348,27181,93.45,"6,257.01",230.2,-4.071428571,0
SANTA ELENA,COSTA,2021,March,3,0,14,0.0114,0.0016,202,0,92,5,41,414,15,2.71555387,27499,98.75,"7,415.34",269.66,1.774193548,0
SANTA ELENA,COSTA,2021,April,4,0,16,0.0373,0.0063,278,0,81,2,43,320,86,3.50927463,27918,125.7,"7,700.36",275.82,-8.566666667,0
SANTA ELENA,COSTA,2021,May,5,0,20,0.0785,0.0242,162,0,113,6,39,318,-9,2.79413357,28089,99.47,"8,088.85",287.97,-4.419354839,0
SANTA ELENA,COSTA,2021,June,6,0,17,0.1446,0.0596,138,0,113,4,38,405,69,2.84631601,28496,99.88,"10,027.00",351.87,10.5,0
SANTA ELENA,COSTA,2021,July,7,0,17,0.5196,0.1117,143,0,107,1,38,225,63,2.57352462,28826,89.28,"8,709.68",302.15,19.19354839,0
SANTA ELENA,COSTA,2021,August,8,0,25,0.5311,0.449,121,0,117,8,57,93,-102,3.49301217,29283,119.28,"8,630.99",294.74,30.09677419,0
SANTA ELENA,COSTA,2021,September,9,1,17,0.5901,0.4837,106,0,108,4,61,42,112,3.40663733,36037,94.53,"8,673.10",240.67,27.9,0
SANTA ELENA,COSTA,2021,October,10,1,19,0.6398,0.5024,117,0,119,6,37,54,-96,3.16337037,29955,105.6,"8,961.38",299.16,34.83870968,0
SANTA ELENA,COSTA,2021,November,11,1,22,0.719,0.5338,116,0,123,5,43,39,-50,3.76625457,29873,126.08,"9,413.92",315.13,38.7,0
SANTA ELENA,COSTA,2021,December,12,1,16,0.7709,0.6202,136,0,108,3,37,34,314,4.04890538,29704,136.31,"14,878.46",500.89,51.16129032,0
SANTO DOMINGO DE LOS TSACHILAS,SIERRA,2021,January,1,0,26,0.0006,0,246,1,187,1,86,354,-82,8.93833128,63047,141.77,"6,381.96",101.23,-18.5483871,0
SANTO DOMINGO DE LOS TSACHILAS,SIERRA,2021,February,2,0,18,0.0031,0.0003,269,1,144,4,79,286,40,6.91346359,63842,108.29,"7,509.83",117.63,-12.25,0
SANTO DOMINGO DE LOS TSACHILAS,SIERRA,2021,March,3,0,23,0.0144,0.0026,389,1,140,5,62,869,6,7.78759608,64327,121.06,"8,752.34",136.06,-8.548387097,0
SANTO DOMINGO DE LOS TSACHILAS,SIERRA,2021,April,4,0,19,0.0444,0.0109,434,1,149,9,64,1035,1,7.64045533,65167,117.24,"7,999.10",122.75,-13.66666667,0
SANTO DOMINGO DE LOS TSACHILAS,SIERRA,2021,May,5,0,17,0.0964,0.0288,329,1,139,3,71,1423,9,6.82392383,65456,104.25,"7,504.19",114.64,-8.935483871,0
SANTO DOMINGO DE LOS TSACHILAS,SIERRA,2021,June,6,0,23,0.1317,0.0596,236,1,142,2,102,1033,49,7.1423937,66204,107.88,"20,039.45",302.69,13.33333333,0
SANTO DOMINGO DE LOS TSACHILAS,SIERRA,2021,July,7,0,25,0.4745,0.0855,202,1,161,6,96,913,211,8.0814992,66833,120.92,"8,442.69",126.33,22,0
SANTO DOMINGO DE LOS TSACHILAS,SIERRA,2021,August,8,0,24,0.536,0.4425,197,1,147,5,107,369,84,7.0215441,68123,103.07,"8,007.11",117.54,31.09677419,0
SANTO DOMINGO DE LOS TSACHILAS,SIERRA,2021,September,9,1,19,0.5738,0.5038,194,1,168,8,102,360,-18,7.82274055,76928,101.69,"8,427.63",109.55,33.1,1
SANTO DOMINGO DE LOS TSACHILAS,SIERRA,2021,October,10,1,19,0.6652,0.5099,197,1,183,4,120,189,-185,7.71392932,69664,110.73,"7,804.13",112.03,37.96774194,1
SANTO DOMINGO DE LOS TSACHILAS,SIERRA,2021,November,11,1,20,0.7372,0.585,218,1,179,14,83,143,-29,7.81421668,69293,112.77,"10,137.13",146.29,44.7,1
SANTO DOMINGO DE LOS TSACHILAS,SIERRA,2021,December,12,1,19,0.773,0.6577,248,1,232,10,110,118,1201,8.30195443,69183,120,"26,094.11",377.18,56.19354839,1
SUCUMBIOS,ORIENTE,2021,January,1,0,2,0.0005,0,85,1,30,3,7,139,-19,2.55827766,25883,98.84,"3,552.16",137.24,-2.483870968,0
SUCUMBIOS,ORIENTE,2021,February,2,0,10,0.0025,0.0002,75,1,44,1,2,116,-11,1.4081491,26257,53.63,"3,532.53",134.54,2.642857143,0
SUCUMBIOS,ORIENTE,2021,March,3,0,17,0.0283,0.0021,103,1,41,2,4,232,63,1.89087768,26511,71.32,"4,394.08",165.75,4.677419355,0
SUCUMBIOS,ORIENTE,2021,April,4,0,5,0.0679,0.0139,120,1,31,5,2,186,70,2.05128817,26898,76.26,"3,963.43",147.35,1.4,0
SUCUMBIOS,ORIENTE,2021,May,5,0,11,0.1038,0.0321,102,1,30,2,3,465,-48,1.79205187,26988,66.4,"2,881.88",106.78,0.677419355,0
SUCUMBIOS,ORIENTE,2021,June,6,0,3,0.1756,0.0515,60,1,45,2,5,773,54,1.82972648,27319,66.98,"9,240.45",338.24,31.26666667,0
SUCUMBIOS,ORIENTE,2021,July,7,0,9,0.4973,0.0951,76,1,58,2,4,504,69,2.08539896,27535,75.74,"2,446.75",88.86,41.96774194,0
SUCUMBIOS,ORIENTE,2021,August,8,0,9,0.5479,0.4132,78,1,51,2,4,242,28,2.09250763,27941,74.89,"4,572.11",163.63,49.03225806,0
SUCUMBIOS,ORIENTE,2021,September,9,1,7,0.5808,0.4775,52,1,56,3,3,277,83,2.07986403,32782,63.45,"4,526.76",138.09,53.93333333,1
SUCUMBIOS,ORIENTE,2021,October,10,1,5,0.6413,0.496,68,1,60,9,3,236,-119,2.07142078,28318,73.15,"4,424.12",156.23,60.58064516,1
SUCUMBIOS,ORIENTE,2021,November,11,1,7,0.7206,0.5658,56,1,49,2,3,86,203,2.66563398,28671,92.97,"4,702.58",164.02,57.9,1
SUCUMBIOS,ORIENTE,2021,December,12,1,12,0.7583,0.6362,89,1,58,7,8,107,119,2.87670964,28480,101.01,"10,595.64",372.04,74.61290323,1
TUNGURAHUA,SIERRA,2021,January,1,0,15,0.0001,0,448,0,113,1,82,1559,-216,21.97352799,83378,263.54,"15,407.76",184.79,-24.16129032,0
TUNGURAHUA,SIERRA,2021,February,2,0,31,0.0024,0.0003,352,0,101,1,68,780,116,16.42048474,84121,195.2,"16,331.40",194.14,-17.28571429,0
TUNGURAHUA,SIERRA,2021,March,3,0,29,0.0167,0.0012,361,0,109,0,86,1641,-76,22.12271399,84727,261.11,"15,644.36",184.64,-10.90322581,0
TUNGURAHUA,SIERRA,2021,April,4,0,22,0.0636,0.0104,537,0,126,1,77,1122,7,23.98988477,85638,280.13,"17,190.98",200.74,-15.56666667,0
TUNGURAHUA,SIERRA,2021,May,5,0,31,0.1219,0.0385,509,0,82,3,79,804,234,16.27861374,85972,189.35,"16,658.70",193.77,-15.87096774,0
TUNGURAHUA,SIERRA,2021,June,6,0,24,0.1964,0.0825,347,0,94,4,108,1024,75,18.37357848,86803,211.67,"33,314.86",383.8,4.766666667,0
TUNGURAHUA,SIERRA,2021,July,7,0,33,0.6041,0.1396,281,0,144,2,97,1301,162,20.58435159,87533,235.16,"17,656.41",201.71,15.93548387,0
TUNGURAHUA,SIERRA,2021,August,8,0,42,0.6539,0.549,244,0,106,1,87,948,17,19.12117915,88383,216.34,"20,890.68",236.37,24.83870968,0
TUNGURAHUA,SIERRA,2021,September,9,1,31,0.6776,0.6115,272,0,119,3,85,813,1,18.62937666,96387,193.28,"20,966.93",217.53,25.96666667,0
TUNGURAHUA,SIERRA,2021,October,10,1,24,0.7517,0.6203,245,0,118,2,111,442,-13,19.81919642,89557,221.3,"12,719.51",142.03,31.87096774,0
TUNGURAHUA,SIERRA,2021,November,11,1,33,0.8309,0.6836,239,0,112,2,96,275,-351,22.54462163,89286,252.5,"21,720.22",243.27,34.53333333,0
TUNGURAHUA,SIERRA,2021,December,12,1,27,0.8508,0.7855,254,0,138,1,100,146,1046,20.55007941,88995,230.91,"40,050.67",450.03,43.58064516,0
ZAMORA CHINCHIPE,ORIENTE,2021,January,1,0,6,0,0,33,1,3,0,10,33,-43,13.11828257,14664,894.59,"11,393.92",777,-25.5,0
ZAMORA CHINCHIPE,ORIENTE,2021,February,2,0,7,0.0054,0.0012,36,1,7,2,4,59,-17,4.71326347,14842,317.56,"9,557.01",643.92,-11.25,0
ZAMORA CHINCHIPE,ORIENTE,2021,March,3,0,7,0.0184,0.007,40,1,6,1,3,125,-6,19.82171988,14939,"1,326.84","18,200.21","1,218.30",-13.25,0
ZAMORA CHINCHIPE,ORIENTE,2021,April,4,0,12,0.0902,0.016,87,1,8,0,3,139,-9,8.53359024,15146,563.42,"11,917.66",786.85,-38.125,0
ZAMORA CHINCHIPE,ORIENTE,2021,May,5,0,12,0.127,0.0403,51,1,4,1,1,261,201,6.01428248,15114,397.93,"19,743.06","1,306.28",-59.875,0
ZAMORA CHINCHIPE,ORIENTE,2021,June,6,0,18,0.1778,0.085,22,1,3,0,2,431,-24,6.02350849,15315,393.31,"6,796.11",443.76,1.75,0
ZAMORA CHINCHIPE,ORIENTE,2021,July,7,0,11,0.4917,0.1457,22,1,8,1,1,157,-112,6.91039862,15436,447.68,"13,825.80",895.69,8,0
ZAMORA CHINCHIPE,ORIENTE,2021,August,8,0,10,0.5679,0.3904,31,1,10,0,1,131,98,7.64661136,15624,489.41,"17,404.22","1,113.94",,0
ZAMORA CHINCHIPE,ORIENTE,2021,September,9,1,12,0.5954,0.4678,16,1,6,0,1,64,-89,29.80191234,17320,"1,720.66","13,788.07",796.08,,1
ZAMORA CHINCHIPE,ORIENTE,2021,October,10,1,11,0.6642,0.4981,35,1,17,0,6,45,-10,9.20736565,15919,578.39,"15,227.73",956.58,,1
ZAMORA CHINCHIPE,ORIENTE,2021,November,11,1,11,0.7326,0.5687,27,1,12,0,9,12,46,7.68867384,15657,491.07,"11,793.89",753.27,,1
ZAMORA CHINCHIPE,ORIENTE,2021,December,12,1,12,0.7618,0.6426,23,1,12,1,8,30,245,18.09655699,15583,"1,161.30","22,826.38","1,464.83",,1
